Tick,Restaurante dist. Larga,Restaurante dist. Media,Restaurante dist. Corta,Almacen,Farmacia,ID Siguiente Restaurante, ID Siguiente Para Atender
0,0,0,0,0,0,Ninguno,Ninguno
1,0,0,0,0,0,Ninguno,Ninguno
2,0,0,0,0,0,Ninguno,Ninguno
3,0,0,0,0,0,Ninguno,0
4,0,0,0,0,0,Ninguno,Ninguno
5,0,0,0,0,0,Ninguno,Ninguno
6,0,0,0,0,0,Ninguno,1
7,0,0,0,0,0,Ninguno,Ninguno
8,0,0,0,0,0,Ninguno,2
9,0,0,0,0,0,Ninguno,Ninguno
10,0,0,0,0,0,Ninguno,Ninguno
11,0,0,0,0,0,Ninguno,Ninguno
12,0,0,0,0,0,Ninguno,Ninguno
13,0,0,0,0,0,3,4
14,0,0,0,0,0,Ninguno,3
15,0,0,0,0,0,Ninguno,5
16,0,0,0,0,0,Ninguno,Ninguno
17,0,0,0,0,0,Ninguno,Ninguno
18,0,0,0,0,0,Ninguno,Ninguno
19,0,0,0,0,0,Ninguno,Ninguno
20,0,0,0,0,0,Ninguno,6
21,0,0,0,0,0,Ninguno,7
22,0,0,0,0,0,Ninguno,8
23,0,0,0,0,0,Ninguno,Ninguno
24,0,0,0,0,0,Ninguno,Ninguno
25,0,0,0,0,0,Ninguno,Ninguno
26,0,0,0,0,0,Ninguno,Ninguno
27,0,0,0,0,0,Ninguno,9
28,0,0,0,0,0,Ninguno,Ninguno
29,0,0,0,0,0,Ninguno,Ninguno
30,0,0,0,0,0,Ninguno,Ninguno
31,0,0,0,0,0,Ninguno,10
32,0,0,0,0,0,Ninguno,11
33,0,0,0,0,0,Ninguno,Ninguno
34,0,0,0,0,0,Ninguno,Ninguno
35,0,0,0,0,0,Ninguno,Ninguno
36,0,0,0,0,0,Ninguno,Ninguno
37,0,0,0,0,0,Ninguno,13
38,0,0,0,0,0,Ninguno,12
39,0,0,0,0,0,Ninguno,Ninguno
40,0,0,0,0,0,Ninguno,14
41,0,0,0,0,0,Ninguno,15
42,0,0,0,0,0,Ninguno,Ninguno
43,0,0,0,0,0,Ninguno,16
44,0,0,0,0,0,Ninguno,16
45,0,0,0,0,0,17,16
46,0,0,0,0,0,17,16
47,0,0,1,0,0,Ninguno,17
48,0,0,1,0,0,18,17
49,0,0,0,0,0,18,17
50,0,0,0,0,0,18,17
51,0,0,0,1,0,18,17
52,0,0,0,1,0,18,17
53,0,0,0,0,0,18,20
54,0,0,0,0,0,18,20
55,0,0,1,0,0,18,20
56,0,0,1,0,0,18,20
57,0,0,1,0,0,18,20
58,0,0,1,0,0,18,20
59,0,0,1,0,0,18,20
60,1,0,1,0,0,18,20
61,2,0,1,1,0,Ninguno,20
62,2,0,1,0,0,19,18
63,2,0,0,0,0,Ninguno,19
64,2,0,0,0,0,22,19
65,2,0,0,0,0,22,19
66,2,0,0,0,0,22,25
67,1,0,1,0,0,22,25
68,1,0,2,0,0,22,25
69,1,0,2,0,0,22,25
70,2,0,2,0,0,22,25
71,2,0,2,0,0,Ninguno,22
72,2,0,2,0,0,Ninguno,21
73,2,0,2,0,0,Ninguno,26
74,2,0,1,0,0,27,26
75,2,0,1,0,0,Ninguno,27
76,2,0,1,0,0,30,27
77,2,0,0,0,0,30,27
78,1,0,2,0,0,30,27
79,1,0,2,0,0,30,27
80,0,2,2,0,0,30,27
81,0,1,3,0,0,30,27
82,0,1,3,0,0,Ninguno,30
83,0,1,3,0,0,29,30
84,0,1,2,0,0,29,30
85,0,1,2,0,0,Ninguno,29
86,1,1,2,0,0,Ninguno,31
87,1,1,1,0,0,Ninguno,23
88,1,1,0,0,0,24,35
89,1,1,0,0,0,24,35
90,1,0,0,0,0,24,35
91,1,0,1,0,0,24,35
92,1,0,0,1,0,24,35
93,1,0,0,2,0,24,35
94,1,0,0,2,0,24,35
95,1,0,0,1,0,24,32
96,2,0,0,1,0,24,32
97,2,0,0,0,1,24,32
98,2,0,0,0,1,24,32
99,2,0,0,0,1,24,32
100,3,0,0,0,0,24,28
101,2,1,0,0,0,24,28
102,2,1,0,0,0,Ninguno,24
103,2,0,1,0,0,39,24
104,1,0,1,0,0,39,24
105,1,0,0,1,0,39,24
106,0,0,1,1,0,39,24
107,0,0,1,0,0,39,36
108,0,1,1,0,0,Ninguno,39
109,0,1,1,0,0,34,39
110,0,2,0,0,0,Ninguno,34
111,0,2,0,0,0,37,34
112,0,2,0,0,0,37,34
113,0,2,0,0,0,37,34
114,0,2,0,0,0,37,34
115,0,2,0,0,0,37,34
116,0,2,0,0,0,37,34
117,0,2,1,0,0,37,43
118,0,2,1,0,0,Ninguno,37
119,0,2,2,0,0,Ninguno,44
120,0,2,1,0,0,Ninguno,42
121,0,2,1,0,0,38,42
122,0,2,0,0,0,38,42
123,0,2,0,0,0,38,42
124,0,2,0,0,0,38,42
125,0,2,0,0,0,38,42
126,0,1,0,0,0,38,33
127,0,1,0,0,0,Ninguno,38
128,0,1,0,0,0,40,38
129,0,0,0,0,0,Ninguno,40
130,0,0,0,0,0,41,40
131,0,0,0,0,1,41,40
132,0,0,0,0,0,41,47
133,0,0,0,0,0,Ninguno,41
134,0,0,0,0,0,45,41
135,0,0,0,0,0,45,41
136,1,0,0,0,0,45,41
137,1,0,0,0,0,45,41
138,1,0,0,0,0,Ninguno,45
139,1,0,0,0,0,48,45
140,0,0,0,0,0,48,49
141,0,0,0,0,0,48,49
142,0,0,0,0,0,48,49
143,0,0,0,0,0,48,49
144,0,0,1,0,0,48,49
145,0,0,1,1,0,48,49
146,0,0,1,0,0,48,52
147,0,0,1,0,0,48,52
148,0,0,1,0,0,48,52
149,0,0,1,0,0,Ninguno,48
150,0,1,1,0,0,Ninguno,46
151,0,1,0,0,0,51,46
152,0,1,0,0,0,51,46
153,0,2,0,0,0,Ninguno,51
154,0,2,0,0,0,50,51
155,0,1,0,0,1,50,51
156,0,1,0,0,1,50,51
157,0,1,0,0,1,50,51
158,0,1,0,0,1,50,51
159,0,1,0,0,1,50,51
160,0,0,1,0,0,50,56
161,0,0,1,0,0,50,56
162,0,0,1,0,0,Ninguno,50
163,0,0,0,0,0,57,53
164,0,0,0,0,0,57,53
165,0,0,0,0,0,57,53
166,0,0,0,0,0,Ninguno,57
167,0,0,0,0,0,Ninguno,58
168,0,0,0,0,0,55,58
169,0,0,0,0,0,Ninguno,55
170,0,0,0,0,0,59,60
171,0,0,1,0,0,59,60
172,0,0,0,0,0,Ninguno,59
173,0,0,0,0,0,Ninguno,54
174,0,0,0,0,0,Ninguno,54
175,0,0,0,1,0,Ninguno,54
176,0,0,0,0,0,Ninguno,61
177,0,0,0,0,0,62,61
178,0,0,0,0,0,62,61
179,0,0,0,0,0,62,61
180,0,0,0,0,0,62,61
181,0,0,0,0,0,Ninguno,62
182,0,0,0,1,0,63,62
183,0,0,0,1,0,63,62
184,0,0,0,0,0,63,64
185,0,0,0,0,0,Ninguno,63
186,0,0,0,0,0,65,63
187,0,0,0,0,0,65,63
188,0,0,0,0,0,65,63
189,0,0,0,0,0,65,63
190,0,0,0,0,0,65,63
191,0,0,0,0,0,Ninguno,65
192,0,0,0,0,0,Ninguno,66
193,0,0,0,0,0,67,66
194,0,0,0,0,0,67,66
195,0,0,0,0,0,67,66
196,0,0,0,0,0,67,66
197,0,0,0,1,0,67,66
198,1,0,0,0,0,67,68
199,1,0,0,0,0,Ninguno,67
200,1,0,0,0,1,70,67
201,0,0,0,0,0,70,71
202,0,0,0,0,0,70,71
203,0,0,0,0,0,70,71
204,0,0,0,0,0,70,71
205,0,0,0,1,0,70,71
206,1,0,0,0,0,70,72
207,0,0,1,0,0,Ninguno,70
208,0,0,0,0,0,Ninguno,69
209,0,0,0,0,1,73,69
210,0,0,0,0,1,73,69
211,0,0,0,0,1,73,69
212,0,0,0,0,1,73,69
213,0,0,0,0,0,73,74
214,0,0,0,0,0,73,74
215,0,0,0,0,0,Ninguno,73
216,0,0,0,0,0,77,73
217,2,0,0,0,0,Ninguno,77
218,2,0,0,0,0,Ninguno,75
219,2,0,0,0,0,76,75
220,1,0,0,0,0,76,75
221,1,0,0,0,0,76,75
222,1,0,0,0,0,Ninguno,76
223,1,0,0,0,0,Ninguno,80
224,2,0,0,0,0,78,80
225,1,0,0,0,0,78,80
226,1,0,0,0,0,78,80
227,1,0,0,0,0,78,80
228,1,0,0,0,0,78,80
229,1,0,0,0,0,Ninguno,78
230,1,0,0,0,0,82,78
231,1,0,0,0,0,82,78
232,1,0,0,0,0,82,78
233,1,0,0,0,0,82,78
234,1,0,0,0,0,82,78
235,1,1,0,0,0,Ninguno,82
236,0,1,1,0,0,83,85
237,0,0,0,0,0,83,85
238,0,0,0,0,0,Ninguno,83
239,0,0,0,0,0,79,83
240,0,0,0,0,0,79,83
241,0,0,0,0,0,79,83
242,0,0,0,0,0,79,83
243,0,1,1,0,0,79,83
244,0,1,1,0,0,79,83
245,0,1,1,0,0,79,83
246,0,1,1,0,0,Ninguno,79
247,1,1,1,0,0,86,79
248,1,1,0,0,0,Ninguno,86
249,1,1,0,0,0,81,86
250,1,1,0,0,0,81,86
251,1,1,0,0,1,81,86
252,1,1,0,0,1,81,86
253,1,0,2,0,0,81,91
254,1,0,2,0,0,81,91
255,2,0,2,0,0,81,93
256,2,0,2,0,0,Ninguno,81
257,2,0,1,1,0,90,81
258,2,0,0,1,0,90,81
259,2,0,0,1,0,90,81
260,3,0,0,1,0,90,81
261,3,0,0,2,0,90,81
262,3,0,0,2,0,90,81
263,3,0,0,1,0,90,84
264,2,0,1,0,0,90,95
265,1,0,2,0,0,90,95
266,1,0,3,0,0,90,95
267,1,0,3,0,0,90,95
268,1,0,3,0,0,90,95
269,1,0,4,0,0,90,95
270,1,0,3,1,0,90,95
271,1,0,4,1,0,90,95
272,1,0,4,1,0,90,95
273,1,0,4,0,0,90,87
274,1,0,4,0,0,90,87
275,1,0,4,0,0,Ninguno,90
276,2,0,4,0,0,Ninguno,96
277,2,0,3,0,0,88,96
278,2,0,2,0,0,Ninguno,88
279,1,1,3,0,0,99,88
280,0,1,2,0,0,Ninguno,99
281,1,1,2,0,0,Ninguno,89
282,1,1,1,0,0,Ninguno,92
283,1,1,0,0,0,94,92
284,1,1,0,0,0,94,92
285,1,0,1,0,0,94,92
286,0,0,2,0,0,94,92
287,0,0,3,0,0,Ninguno,94
288,0,0,3,0,0,Ninguno,97
289,1,0,3,0,0,98,97
290,1,0,2,0,0,98,97
291,1,0,2,0,0,Ninguno,98
292,1,0,2,0,0,102,98
293,1,0,1,0,0,102,98
294,2,0,1,0,0,102,98
295,2,0,1,0,0,Ninguno,102
296,2,0,1,0,0,100,102
297,2,0,0,0,0,Ninguno,100
298,2,0,0,0,0,103,100
299,1,0,1,0,1,103,100
300,1,0,1,0,0,103,107
301,1,0,0,1,0,103,107
302,1,0,0,0,0,103,105
303,1,0,1,0,0,103,105
304,1,0,1,0,0,Ninguno,103
305,1,0,1,0,0,109,103
306,1,0,0,0,0,109,103
307,0,0,1,0,0,Ninguno,109
308,0,0,2,0,0,104,109
309,0,0,1,0,0,104,109
310,1,0,1,0,0,104,109
311,1,0,1,0,0,Ninguno,104
312,1,0,1,0,0,110,104
313,0,0,1,0,0,110,104
314,1,0,1,0,0,110,104
315,1,0,1,0,0,110,104
316,1,0,1,0,0,Ninguno,110
317,1,0,1,0,0,101,110
318,2,0,0,0,0,101,110
319,2,0,1,0,1,101,110
320,1,1,2,0,1,101,110
321,1,0,3,0,0,101,114
322,1,0,3,0,0,101,114
323,1,0,2,1,0,101,114
324,1,0,2,0,0,101,108
325,1,1,2,0,0,101,108
326,1,1,2,0,0,Ninguno,101
327,1,1,2,0,0,Ninguno,106
328,1,1,1,0,0,Ninguno,116
329,1,2,0,1,0,111,118
330,1,2,0,1,0,111,118
331,1,2,0,1,0,111,118
332,0,2,1,0,0,111,120
333,1,2,1,0,0,111,120
334,1,2,1,0,0,111,120
335,1,2,1,0,0,Ninguno,111
336,1,2,1,0,0,112,111
337,0,2,1,0,0,Ninguno,112
338,0,2,2,0,0,Ninguno,113
339,0,2,1,0,0,115,113
340,0,2,0,0,1,115,113
341,0,2,0,0,1,115,113
342,0,1,1,0,1,115,113
343,0,1,2,0,1,115,113
344,0,1,2,0,1,115,113
345,0,1,2,0,1,115,113
346,0,1,2,0,1,115,113
347,1,1,2,0,1,115,113
348,1,0,3,0,1,115,113
349,1,0,3,0,1,115,113
350,1,0,3,0,0,115,124
351,1,0,4,0,0,115,124
352,1,0,3,1,0,115,124
353,1,0,3,1,0,115,124
354,1,0,3,1,1,115,124
355,1,0,2,2,0,115,128
356,1,0,2,2,0,115,128
357,1,0,3,1,0,115,119
358,1,0,3,2,0,115,119
359,1,0,3,2,0,115,119
360,2,0,3,2,0,115,119
361,2,0,2,3,0,115,119
362,2,0,2,2,0,115,121
363,2,0,3,1,0,115,129
364,2,0,3,1,0,Ninguno,123
365,2,0,4,1,0,122,123
366,2,0,3,1,0,122,123
367,2,0,2,1,0,122,115
368,2,0,2,0,0,122,117
369,2,1,2,0,0,Ninguno,122
370,2,0,3,0,0,Ninguno,127
371,2,0,2,0,0,Ninguno,130
372,2,0,1,0,0,126,130
373,2,0,1,0,0,126,130
374,2,0,1,0,0,126,130
375,2,0,1,0,0,126,130
376,2,0,1,0,0,126,130
377,2,0,1,0,0,Ninguno,126
378,2,1,1,0,0,Ninguno,125
379,2,1,1,0,0,132,125
380,2,1,0,0,0,132,125
381,2,1,0,0,0,132,125
382,2,1,0,0,0,132,125
383,2,1,1,0,0,132,125
384,1,1,2,0,0,132,125
385,1,1,2,0,0,132,125
386,2,1,3,0,0,132,125
387,3,0,4,0,0,Ninguno,132
388,3,0,4,0,0,Ninguno,134
389,3,0,3,0,0,140,142
390,3,0,2,0,0,Ninguno,140
391,3,0,2,0,0,Ninguno,138
392,2,1,1,0,0,Ninguno,133
393,2,1,0,0,0,131,133
394,3,1,0,0,0,Ninguno,131
395,3,1,0,0,0,136,131
396,3,0,0,0,0,Ninguno,136
397,2,1,0,0,0,Ninguno,135
398,1,1,1,0,0,144,135
399,1,1,0,0,0,Ninguno,144
400,1,1,0,0,0,Ninguno,145
401,1,1,0,0,0,141,145
402,1,0,0,0,1,141,145
403,1,0,0,0,1,141,145
404,0,1,1,0,1,141,145
405,0,1,0,0,1,141,145
406,0,1,1,0,1,141,145
407,0,1,1,0,1,141,145
408,0,1,1,0,1,141,145
409,0,1,1,0,1,141,145
410,0,1,1,0,0,141,146
411,0,1,1,1,0,141,148
412,0,1,1,0,0,141,149
413,0,1,1,0,0,141,149
414,0,1,1,0,0,Ninguno,141
415,0,0,2,0,0,Ninguno,143
416,0,0,1,1,0,147,143
417,0,0,1,1,0,147,143
418,0,0,1,1,0,147,143
419,0,0,1,1,0,147,143
420,0,0,1,1,0,147,143
421,0,0,1,1,1,147,143
422,0,0,1,2,1,147,143
423,0,0,1,2,0,147,152
424,0,0,1,1,0,147,150
425,0,0,1,0,0,147,137
426,1,0,1,0,0,147,137
427,1,0,1,0,0,Ninguno,147
428,1,0,1,0,0,139,147
429,2,0,0,1,0,139,147
430,2,1,0,0,0,139,156
431,2,1,1,0,0,Ninguno,139
432,2,1,1,0,0,154,139
433,2,1,0,0,0,154,139
434,3,1,1,0,0,154,139
435,3,1,1,0,0,154,139
436,2,1,2,0,0,Ninguno,154
437,2,1,2,0,0,Ninguno,161
438,2,1,1,0,0,159,161
439,2,0,2,0,0,159,161
440,2,0,2,0,0,159,161
441,2,0,2,0,0,159,161
442,2,0,3,0,0,Ninguno,159
443,2,0,2,1,0,158,159
444,1,0,2,1,0,158,159
445,1,0,2,1,0,158,159
446,1,0,2,0,0,158,153
447,1,0,3,0,0,Ninguno,158
448,0,0,4,0,0,Ninguno,151
449,0,0,3,0,0,162,151
450,0,0,2,0,0,162,151
451,0,1,2,0,0,162,166
452,0,1,2,0,0,Ninguno,162
453,0,1,3,0,0,Ninguno,164
454,0,1,2,0,0,Ninguno,157
455,0,1,1,0,0,155,157
456,0,1,1,0,0,155,167
457,0,1,1,0,0,Ninguno,155
458,0,1,1,0,0,160,155
459,0,1,0,0,0,160,155
460,0,2,0,0,0,Ninguno,160
461,0,1,2,0,0,163,160
462,0,0,1,0,1,163,160
463,0,0,1,0,1,163,160
464,0,0,1,0,0,163,171
465,0,0,1,0,0,163,171
466,0,0,1,0,0,Ninguno,163
467,1,0,1,0,0,168,163
468,1,0,0,0,0,168,163
469,1,0,0,0,0,168,173
470,1,0,0,0,0,Ninguno,168
471,1,0,0,0,0,165,168
472,1,0,0,0,0,Ninguno,165
473,1,0,0,0,0,174,165
474,1,0,0,0,0,Ninguno,174
475,1,0,0,0,0,169,174
476,1,0,0,0,0,Ninguno,169
477,1,0,0,0,0,Ninguno,175
478,0,0,1,0,0,172,176
479,0,0,0,0,0,172,176
480,0,0,0,0,1,172,176
481,0,0,0,0,1,172,176
482,0,0,0,0,1,172,176
483,0,0,0,0,1,172,176
484,0,0,1,0,1,172,176
485,0,0,1,0,0,172,177
486,0,0,1,0,0,172,177
487,0,0,1,0,0,Ninguno,172
488,0,0,1,0,0,170,172
489,0,0,0,0,0,170,172
490,0,0,0,0,0,Ninguno,170
491,0,0,0,0,0,178,170
492,0,0,0,0,0,178,170
493,0,0,0,0,1,178,170
494,0,0,0,0,1,178,170
495,0,0,0,0,1,178,170
496,0,0,0,0,0,178,181
497,0,0,0,0,0,178,181
498,0,0,0,0,0,178,181
499,0,0,0,0,0,Ninguno,178
500,0,0,0,0,0,182,178
501,1,0,0,0,0,Ninguno,182
502,0,0,1,0,1,180,182
503,0,0,1,0,0,180,184
504,0,0,1,0,0,Ninguno,180
505,0,0,1,0,0,179,180
506,0,0,0,0,0,179,186
507,0,0,0,0,0,179,186
508,0,0,0,0,0,Ninguno,179
509,0,0,0,0,0,185,179
510,0,0,0,0,0,Ninguno,185
511,0,0,1,0,0,187,185
512,0,0,0,0,0,187,188
513,0,0,0,0,0,187,188
514,0,0,0,0,0,187,188
515,0,0,0,0,0,187,188
516,0,0,0,0,0,Ninguno,187
517,0,0,0,0,0,Ninguno,183
518,0,0,0,0,0,191,183
519,0,0,0,0,0,191,183
520,0,0,0,0,0,Ninguno,191
521,0,0,0,0,0,190,191
522,1,0,0,0,0,190,191
523,1,0,0,0,0,Ninguno,190
524,1,0,0,0,0,Ninguno,192
525,0,0,0,0,0,Ninguno,189
526,0,0,0,0,0,193,189
527,0,0,0,0,0,193,189
528,0,0,0,0,0,193,189
529,0,0,0,0,0,Ninguno,193
530,0,0,0,0,0,Ninguno,194
531,0,0,0,0,0,195,194
532,0,0,0,0,0,195,194
533,0,0,0,0,0,195,194
534,0,0,0,0,0,Ninguno,195
535,0,0,0,0,0,Ninguno,Ninguno
536,0,0,0,0,0,Ninguno,196
537,0,0,0,0,0,Ninguno,Ninguno
538,0,0,0,0,0,Ninguno,Ninguno
539,0,0,0,0,0,Ninguno,Ninguno
540,0,0,0,0,0,Ninguno,Ninguno
541,0,0,0,1,0,199,197
542,0,0,0,0,0,199,198
543,0,0,0,0,0,Ninguno,199
544,0,0,0,0,0,Ninguno,Ninguno
545,0,0,0,0,0,Ninguno,Ninguno
546,0,0,0,0,0,Ninguno,200
547,0,0,0,0,0,Ninguno,200
548,0,0,0,0,0,Ninguno,200
549,0,0,0,0,0,Ninguno,201
550,0,0,0,0,0,Ninguno,201
551,0,0,0,0,0,Ninguno,Ninguno
552,0,0,0,0,0,Ninguno,Ninguno
553,0,0,0,0,0,Ninguno,202
554,0,0,0,0,0,Ninguno,202
555,0,0,0,0,1,Ninguno,202
556,0,0,0,0,1,Ninguno,202
557,0,0,0,0,1,Ninguno,202
558,0,0,0,0,1,Ninguno,202
559,0,0,0,0,1,Ninguno,202
560,0,0,0,0,1,204,202
561,0,0,0,0,1,204,202
562,0,0,0,0,0,204,203
563,0,0,0,0,0,204,203
564,0,0,0,0,0,Ninguno,204
565,0,0,0,0,0,205,204
566,1,0,0,0,0,Ninguno,205
567,1,0,0,0,0,206,205
568,0,0,0,0,0,206,205
569,0,0,0,0,0,Ninguno,206
570,0,0,0,0,0,208,206
571,0,0,0,0,0,208,206
572,0,0,0,0,0,208,206
573,0,0,0,1,0,208,206
574,0,0,0,1,0,208,206
575,0,0,0,0,0,208,210
576,0,0,1,0,0,208,210
577,0,0,0,0,0,208,210
578,0,0,1,0,0,208,210
579,0,0,1,0,0,208,210
580,0,0,1,0,0,208,210
581,0,0,1,0,0,Ninguno,208
582,0,0,1,0,0,211,208
583,0,0,0,0,0,211,208
584,0,0,0,0,0,Ninguno,211
585,1,0,0,0,0,Ninguno,207
586,1,0,0,0,0,209,207
587,1,0,0,0,0,209,207
588,1,0,0,0,0,Ninguno,209
589,1,0,0,0,0,212,209
590,0,0,0,0,1,212,209
591,0,0,0,0,0,212,214
592,0,0,0,0,0,Ninguno,212
593,0,0,0,0,0,213,212
594,0,0,0,0,0,Ninguno,213
595,0,0,0,0,0,215,213
596,0,0,0,0,0,215,213
597,0,0,0,0,0,Ninguno,215
598,0,0,0,0,0,Ninguno,Ninguno
599,0,0,0,0,0,Ninguno,216
600,0,0,0,0,0,Ninguno,217
601,0,0,0,0,0,Ninguno,217
602,0,0,0,0,0,Ninguno,217
603,0,0,0,0,0,Ninguno,Ninguno
604,0,0,0,0,0,Ninguno,Ninguno
605,0,0,0,0,0,Ninguno,218
606,0,0,0,0,0,Ninguno,Ninguno
607,0,0,0,0,0,Ninguno,Ninguno
608,0,0,0,0,0,Ninguno,Ninguno
609,0,0,0,0,0,Ninguno,220
610,0,0,0,0,0,Ninguno,221
611,0,0,0,0,0,Ninguno,219
612,0,0,0,0,0,Ninguno,219
613,0,0,0,0,1,Ninguno,219
614,0,0,0,0,1,Ninguno,219
615,0,0,0,0,1,Ninguno,219
616,0,0,0,0,1,223,219
617,0,0,0,0,1,223,219
618,0,0,0,0,1,223,219
619,0,0,0,0,1,223,219
620,0,0,0,0,1,223,219
621,0,0,0,0,0,223,222
622,0,0,0,0,0,223,222
623,0,0,0,0,0,223,222
624,0,0,0,0,0,223,222
625,0,0,0,0,0,Ninguno,223
626,0,0,0,0,0,Ninguno,224
627,0,0,0,0,0,225,224
628,0,0,0,0,0,225,224
629,0,0,0,0,0,225,224
630,0,0,0,0,0,225,224
631,0,0,0,0,0,Ninguno,225
632,0,0,0,0,0,226,225
633,0,0,0,0,0,226,225
634,0,0,0,0,0,226,225
635,0,0,0,0,0,Ninguno,226
636,0,0,0,0,0,Ninguno,227
637,0,0,0,0,0,228,227
638,0,0,0,0,0,228,227
639,0,0,0,0,0,228,227
640,0,0,0,0,0,228,227
641,0,0,0,0,0,228,227
642,0,0,1,0,0,228,227
643,0,0,2,0,0,228,227
644,0,0,2,0,0,228,227
645,0,0,2,0,0,Ninguno,228
646,0,0,2,0,0,231,228
647,0,0,1,0,0,231,228
648,0,0,1,0,0,231,228
649,0,0,1,0,0,Ninguno,231
650,0,0,1,0,0,Ninguno,229
651,0,0,0,0,0,Ninguno,230
652,0,0,0,0,0,Ninguno,232
653,0,0,0,0,0,234,233
654,0,0,0,0,0,234,233
655,0,0,0,0,0,Ninguno,234
656,0,0,0,0,0,236,234
657,0,0,0,0,0,236,234
658,0,0,0,0,0,236,234
659,0,0,0,0,0,236,234
660,0,0,0,0,0,236,234
661,0,0,0,0,0,236,234
662,0,0,0,0,0,236,234
663,0,0,0,0,1,236,234
664,0,0,0,0,1,236,234
665,0,0,0,0,1,236,234
666,0,0,0,0,0,236,238
667,1,0,0,0,0,236,238
668,1,0,0,0,0,Ninguno,236
669,1,0,0,0,0,237,236
670,2,0,0,0,0,Ninguno,237
671,2,0,0,0,0,235,237
672,1,0,0,0,0,235,237
673,1,0,0,1,0,235,237
674,1,0,0,1,0,235,237
675,1,0,0,1,0,235,237
676,1,1,0,1,0,235,237
677,1,1,0,1,0,235,237
678,1,1,0,0,0,235,242
679,2,1,0,0,0,235,242
680,2,1,0,0,0,235,242
681,1,2,0,0,0,235,242
682,1,1,1,0,0,235,242
683,1,1,1,0,0,235,242
684,1,1,1,0,0,235,242
685,0,1,2,0,0,235,242
686,0,1,2,0,0,235,242
687,0,1,3,0,0,235,242
688,0,1,3,0,0,235,242
689,0,1,3,0,0,235,242
690,0,1,4,0,0,235,242
691,0,1,4,0,0,235,242
692,0,1,4,0,0,235,242
693,0,1,4,0,0,Ninguno,235
694,0,0,4,0,0,243,241
695,0,1,2,0,0,243,245
696,0,1,2,0,0,243,245
697,0,1,2,0,0,243,245
698,0,1,3,0,0,243,245
699,0,1,3,2,0,243,245
700,0,1,3,1,0,243,249
701,0,1,3,1,0,243,250
702,0,1,3,1,0,243,250
703,0,1,3,0,0,243,240
704,0,1,3,0,0,Ninguno,243
705,0,1,3,0,0,Ninguno,246
706,0,2,2,0,0,Ninguno,239
707,0,2,1,0,0,251,239
708,0,1,1,0,0,251,239
709,0,1,1,0,0,251,239
710,1,2,1,0,0,251,239
711,1,2,1,0,0,251,239
712,1,2,1,0,0,251,239
713,1,1,2,0,0,251,239
714,2,1,2,0,1,251,239
715,2,1,2,0,0,251,256
716,2,0,3,0,0,Ninguno,251
717,2,0,2,0,0,253,248
718,2,0,1,0,0,Ninguno,253
719,2,0,2,0,0,244,253
720,1,0,3,0,0,Ninguno,244
721,1,0,3,0,0,254,244
722,1,0,2,0,0,254,244
723,0,0,3,1,0,254,244
724,0,0,3,1,0,254,244
725,0,0,3,1,0,254,244
726,0,0,3,0,0,254,259
727,0,0,3,0,1,254,259
728,0,0,3,0,0,254,260
729,0,0,3,0,0,254,260
730,1,0,3,0,0,254,260
731,1,0,3,0,0,Ninguno,254
732,1,0,4,0,0,247,254
733,1,0,3,0,0,Ninguno,247
734,1,0,3,0,0,Ninguno,255
735,1,0,3,0,0,Ninguno,258
736,1,0,2,0,0,Ninguno,257
737,1,0,1,0,0,Ninguno,263
738,1,0,0,0,0,252,263
739,1,0,0,0,0,252,263
740,1,0,0,0,0,Ninguno,252
741,1,0,0,0,0,Ninguno,264
742,1,0,0,0,0,262,264
743,0,0,0,0,0,262,264
744,0,0,0,0,0,262,265
745,0,0,0,0,0,262,265
746,0,0,0,0,0,Ninguno,262
747,0,0,0,0,0,266,262
748,0,0,1,0,0,266,262
749,0,1,0,0,0,266,262
750,0,1,0,0,0,266,262
751,0,1,0,0,0,Ninguno,266
752,0,1,0,0,0,261,269
753,0,1,0,0,0,261,269
754,0,3,0,0,0,261,269
755,0,3,0,0,0,Ninguno,261
756,0,3,0,0,0,270,261
757,0,2,0,0,0,270,261
758,0,2,0,0,0,Ninguno,270
759,0,2,0,0,0,267,270
760,0,1,1,0,0,Ninguno,267
761,0,1,1,0,0,Ninguno,274
762,0,1,0,0,0,273,275
763,0,2,0,0,0,273,275
764,0,2,0,0,0,273,275
765,0,2,0,0,0,273,275
766,0,2,0,0,0,273,275
767,0,2,0,0,0,Ninguno,273
768,1,2,0,0,0,268,273
769,1,2,0,0,0,268,273
770,1,3,0,0,0,268,273
771,1,3,0,0,0,268,273
772,1,3,0,0,0,268,273
773,1,3,0,0,0,268,280
774,2,3,0,0,0,268,280
775,1,3,0,0,0,Ninguno,268
776,2,3,1,0,0,Ninguno,271
777,2,3,0,0,0,272,271
778,2,3,0,0,0,272,271
779,2,3,0,0,0,272,271
780,2,2,1,0,0,272,271
781,2,2,1,0,0,Ninguno,272
782,2,1,1,1,0,284,272
783,2,1,0,1,0,284,272
784,2,1,0,1,0,284,272
785,3,1,0,1,0,284,272
786,2,1,1,0,0,284,278
787,1,2,0,1,0,284,278
788,1,1,1,1,0,284,278
789,1,1,1,1,0,284,278
790,1,1,2,0,0,284,276
791,1,1,2,0,0,Ninguno,284
792,1,1,1,1,0,277,287
793,0,1,1,1,0,277,287
794,0,1,1,1,0,277,287
795,0,0,4,0,0,277,279
796,0,0,4,0,0,277,279
797,0,0,4,0,0,Ninguno,277
798,0,0,5,0,0,282,277
799,0,0,4,0,0,282,277
800,1,0,3,0,0,282,283
801,1,0,3,0,0,Ninguno,282
802,2,0,3,0,0,288,282
803,2,0,2,0,0,Ninguno,288
804,1,0,4,0,0,293,288
805,1,0,3,0,0,Ninguno,293
806,1,0,3,0,0,Ninguno,286
807,1,0,2,0,0,Ninguno,281
808,2,0,1,0,0,289,281
809,2,0,0,0,0,289,281
810,2,0,1,0,0,289,281
811,2,0,1,0,0,289,281
812,1,0,2,0,0,289,281
813,2,0,2,0,0,289,281
814,2,0,2,0,0,289,281
815,2,0,2,0,0,289,281
816,2,0,2,0,0,289,281
817,2,0,2,0,0,289,281
818,1,1,3,0,0,Ninguno,289
819,1,0,4,0,0,Ninguno,290
820,1,0,3,0,0,285,290
821,1,0,2,0,0,Ninguno,285
822,1,1,2,0,0,292,285
823,0,1,2,0,0,Ninguno,292
824,0,1,2,0,0,Ninguno,295
825,0,1,2,0,0,Ninguno,296
826,0,1,1,0,0,Ninguno,291
827,0,1,1,0,0,Ninguno,294
828,0,1,0,1,0,299,294
829,0,1,0,0,0,299,300
830,0,1,0,0,0,Ninguno,299
831,0,1,0,0,0,297,299
832,0,0,0,0,0,297,299
833,0,0,0,0,0,297,299
834,0,0,0,0,0,297,299
835,0,0,0,0,0,297,299
836,0,0,0,0,0,Ninguno,297
837,0,0,0,0,0,298,297
838,0,0,0,0,0,298,302
839,0,0,0,0,0,298,302
840,0,0,0,0,0,Ninguno,298
841,0,0,0,0,0,303,304
842,0,0,0,0,0,Ninguno,303
843,0,0,0,0,0,301,303
844,0,0,0,0,1,301,303
845,0,0,0,0,1,301,303
846,0,0,0,0,1,301,303
847,0,0,0,0,1,301,303
848,0,0,0,0,1,301,303
849,0,0,1,0,1,301,303
850,0,0,1,0,1,301,303
851,0,0,1,0,0,301,305
852,0,0,2,0,0,Ninguno,301
853,0,0,2,0,0,Ninguno,310
854,0,1,2,0,0,Ninguno,306
855,0,0,2,0,0,308,306
856,0,0,1,0,0,308,306
857,0,1,1,0,0,308,312
858,0,2,1,0,0,308,312
859,0,2,1,0,0,308,312
860,0,2,2,0,0,Ninguno,308
861,0,2,2,0,0,309,308
862,0,2,1,0,0,Ninguno,309
863,0,2,1,0,0,307,309
864,0,1,1,0,0,307,309
865,0,2,1,0,0,307,317
866,0,2,1,0,0,307,317
867,0,1,1,0,0,307,311
868,0,1,1,0,0,307,311
869,0,0,2,0,0,307,311
870,0,0,1,1,0,307,311
871,0,0,1,1,0,307,311
872,0,0,1,1,0,307,311
873,0,0,0,1,0,307,313
874,0,0,1,1,0,307,313
875,0,0,1,0,0,307,314
876,0,0,1,1,0,Ninguno,314
877,0,0,1,1,0,319,314
878,1,0,1,1,0,319,314
879,1,0,1,0,0,319,307
880,2,0,1,0,0,Ninguno,319
881,3,0,1,0,0,316,319
882,3,0,0,1,0,316,319
883,3,0,0,1,0,316,319
884,3,0,0,2,0,316,319
885,3,0,0,1,0,316,323
886,3,0,0,0,0,316,315
887,4,0,0,0,0,Ninguno,316
888,3,0,1,0,0,Ninguno,325
889,3,0,0,0,0,Ninguno,318
890,2,0,1,0,0,324,318
891,1,0,0,0,0,324,318
892,1,0,1,0,0,324,318
893,1,0,1,0,0,324,318
894,2,0,1,0,0,324,318
895,2,0,1,0,0,324,318
896,2,0,1,0,0,324,318
897,2,1,1,0,0,324,318
898,2,1,1,0,0,324,318
899,1,1,2,0,0,324,318
900,2,2,2,0,0,Ninguno,324
901,1,2,3,0,0,322,324
902,1,1,3,0,0,322,324
903,1,1,3,0,0,Ninguno,322
904,2,1,4,0,0,Ninguno,327
905,2,1,3,0,0,320,327
906,2,1,2,0,0,Ninguno,320
907,2,0,3,0,0,329,320
908,2,0,3,0,1,329,320
909,2,0,3,0,1,329,320
910,2,0,3,0,0,329,334
911,2,0,3,0,0,329,334
912,2,0,3,0,0,329,334
913,1,1,5,0,0,Ninguno,329
914,1,1,6,0,0,Ninguno,332
915,1,1,5,0,0,Ninguno,328
916,1,1,5,0,0,326,328
917,0,2,5,0,0,326,328
918,0,2,5,0,0,326,328
919,0,1,7,1,0,326,328
920,0,1,7,1,0,326,328
921,0,1,7,1,0,326,328
922,0,1,7,1,0,326,328
923,0,0,8,2,0,326,328
924,0,0,8,1,0,326,341
925,0,0,6,3,0,326,341
926,0,1,6,3,0,326,341
927,0,1,5,3,0,326,330
928,0,2,6,3,0,326,330
929,0,3,5,3,0,326,321
930,0,3,5,2,0,326,337
931,0,3,4,2,0,326,338
932,0,3,4,2,0,326,338
933,0,3,3,4,0,326,338
934,0,3,3,4,0,326,338
935,1,3,3,4,0,326,338
936,1,3,3,3,0,326,339
937,1,3,2,0,4,326,339
938,1,1,4,0,3,326,340
939,1,1,4,0,3,326,340
940,2,1,4,0,3,326,340
941,2,1,4,1,3,Ninguno,340
942,2,1,3,2,2,331,348
943,2,1,2,2,2,331,335
944,2,1,2,2,1,331,336
945,2,0,3,2,0,331,351
946,1,0,6,1,0,331,326
947,1,0,7,0,0,331,333
948,1,0,7,0,0,331,333
949,1,0,5,1,0,331,342
950,2,0,4,1,0,331,343
951,2,0,4,1,0,331,343
952,2,0,4,0,0,331,347
953,1,0,5,0,0,331,347
954,1,0,4,1,0,331,347
955,1,0,4,1,0,331,347
956,1,0,4,1,0,331,347
957,1,0,4,1,0,331,347
958,1,0,5,0,0,331,345
959,0,0,5,1,0,331,345
960,0,0,5,0,0,331,352
961,0,0,5,0,0,331,357
962,0,0,5,0,0,Ninguno,331
963,0,0,4,1,0,353,331
964,0,0,3,1,0,353,331
965,1,0,3,1,0,353,331
966,1,0,3,0,0,353,346
967,1,0,3,1,0,353,346
968,1,0,3,1,0,353,346
969,0,0,4,1,0,353,346
970,0,0,7,1,0,353,346
971,0,0,7,0,0,353,359
972,0,0,8,0,0,353,359
973,0,0,8,0,0,353,359
974,1,0,7,1,0,353,359
975,0,0,8,0,0,353,344
976,0,0,7,0,0,353,355
977,0,1,7,0,0,Ninguno,353
978,0,1,6,0,0,356,349
979,0,1,5,0,0,Ninguno,356
980,0,1,5,0,0,Ninguno,350
981,0,1,4,0,0,361,350
982,0,1,3,0,1,361,350
983,0,1,3,0,0,361,366
984,0,1,3,0,0,Ninguno,361
985,1,1,3,0,0,Ninguno,358
986,1,1,2,0,0,Ninguno,362
987,1,0,2,0,0,365,362
988,1,0,1,0,0,365,362
989,1,0,3,0,0,Ninguno,365
990,1,0,3,0,0,364,365
991,1,0,2,0,0,364,365
992,0,1,2,0,0,364,365
993,0,0,3,0,0,Ninguno,364
994,0,2,3,0,0,360,364
995,0,2,3,0,0,360,364
996,0,2,3,0,0,360,364
997,0,3,3,0,0,Ninguno,360
998,0,3,2,0,0,368,354
999,0,3,1,0,0,368,354
1000,0,3,1,0,0,Ninguno,368
1001,0,2,2,0,0,369,368
1002,0,2,1,0,0,Ninguno,369
1003,0,2,1,0,0,367,369
1004,0,1,2,0,0,Ninguno,367
1005,0,1,2,0,0,371,367
1006,1,1,1,0,0,371,367
1007,1,1,1,0,0,371,367
1008,1,1,1,0,0,371,367
1009,1,1,1,0,0,Ninguno,371
1010,1,1,1,0,0,363,371
1011,1,2,0,0,0,363,371
1012,1,1,1,0,0,363,371
1013,1,1,1,0,0,363,371
1014,2,1,1,0,0,Ninguno,363
1015,1,2,1,0,0,370,363
1016,1,1,1,0,0,Ninguno,370
1017,1,1,0,0,0,372,374
1018,0,3,0,0,0,372,374
1019,0,3,0,0,0,372,374
1020,0,3,0,0,0,Ninguno,372
1021,0,4,0,0,0,Ninguno,375
1022,2,4,0,0,0,381,375
1023,2,4,0,0,0,381,375
1024,2,4,0,0,0,381,375
1025,2,4,0,0,0,Ninguno,381
1026,2,4,0,0,0,Ninguno,376
1027,2,3,0,0,0,379,384
1028,2,2,0,0,0,379,384
1029,2,2,0,0,0,379,384
1030,2,2,0,0,0,379,384
1031,2,2,0,0,0,379,384
1032,1,4,0,0,0,379,384
1033,0,3,1,0,0,379,384
1034,0,3,1,0,0,379,384
1035,0,3,0,1,0,379,384
1036,1,2,3,2,0,379,384
1037,1,2,3,2,0,379,384
1038,1,2,4,2,0,379,384
1039,2,1,5,0,2,379,384
1040,1,2,4,1,2,379,384
1041,1,2,4,1,1,379,382
1042,1,2,4,1,1,379,382
1043,1,2,3,2,1,379,382
1044,1,3,3,2,1,379,382
1045,1,3,3,2,0,379,388
1046,1,3,3,1,0,379,378
1047,1,3,3,0,0,379,373
1048,1,3,3,0,0,Ninguno,379
1049,1,3,4,0,0,Ninguno,385
1050,1,2,4,0,0,383,385
1051,1,2,3,0,0,Ninguno,383
1052,1,2,3,0,0,390,383
1053,2,2,2,0,0,390,383
1054,1,2,3,0,0,390,383
1055,1,2,3,0,0,390,383
1056,2,2,3,0,0,Ninguno,390
1057,2,2,3,0,0,387,390
1058,1,2,4,0,0,Ninguno,387
1059,1,1,5,0,0,389,387
1060,1,1,4,0,0,389,387
1061,1,1,3,1,0,389,387
1062,2,0,3,2,0,389,387
1063,3,0,4,2,0,389,387
1064,3,0,4,2,0,389,387
1065,3,0,4,0,1,389,393
1066,3,0,4,1,1,389,393
1067,3,0,2,3,1,389,393
1068,2,1,2,4,1,389,393
1069,2,0,3,5,2,389,393
1070,2,0,4,5,2,389,393
1071,2,0,4,5,1,389,377
1072,2,1,4,5,0,389,403
1073,2,1,4,4,0,389,399
1074,2,1,4,4,0,389,399
1075,2,1,4,3,0,389,380
1076,2,2,4,2,0,389,392
1077,1,3,4,1,0,389,400
1078,1,3,3,1,0,389,401
1079,1,3,2,1,0,389,396
1080,1,3,2,1,0,389,396
1081,1,3,4,0,0,389,386
1082,1,3,3,1,0,389,386
1083,1,3,3,1,0,389,386
1084,1,3,3,2,0,Ninguno,386
1085,2,3,3,1,0,391,402
1086,2,2,3,1,0,391,402
1087,2,1,4,1,0,391,402
1088,2,1,4,1,0,391,402
1089,2,1,3,2,0,391,402
1090,2,1,4,1,0,391,389
1091,2,1,3,2,0,391,389
1092,1,3,4,1,0,391,406
1093,1,2,5,0,0,391,395
1094,1,2,4,1,0,391,395
1095,1,3,4,1,0,391,395
1096,1,3,4,0,0,391,404
1097,1,3,3,1,0,391,404
1098,1,3,3,0,0,391,394
1099,1,3,4,0,0,391,394
1100,0,4,5,0,0,391,394
1101,0,4,5,0,0,391,394
1102,0,4,5,0,0,391,394
1103,0,4,4,0,0,391,397
1104,0,4,5,0,0,Ninguno,391
1105,0,3,5,0,0,412,410
1106,0,3,4,0,0,Ninguno,412
1107,0,3,3,0,0,398,408
1108,0,3,2,0,0,Ninguno,398
1109,0,3,3,0,0,407,398
1110,0,1,5,0,0,407,398
1111,0,1,5,0,0,407,398
1112,0,1,4,1,0,407,398
1113,0,1,4,1,0,407,398
1114,0,1,6,1,0,407,398
1115,0,0,8,0,0,407,414
1116,0,0,8,0,0,Ninguno,407
1117,0,0,7,0,0,413,405
1118,0,0,6,0,0,413,405
1119,0,0,8,0,0,Ninguno,413
1120,0,0,8,0,0,415,413
1121,0,0,7,0,0,Ninguno,415
1122,0,0,7,0,0,420,415
1123,0,0,6,0,0,420,415
1124,0,0,6,0,0,420,415
1125,0,0,7,0,0,420,415
1126,0,0,7,0,0,420,415
1127,0,0,8,0,0,420,415
1128,0,0,7,1,0,420,415
1129,0,0,6,1,0,420,416
1130,0,0,6,1,0,420,416
1131,1,0,6,1,0,420,409
1132,1,0,6,1,0,420,409
1133,1,0,6,3,0,420,409
1134,2,0,5,3,0,420,417
1135,2,1,5,3,0,420,417
1136,2,0,6,2,0,420,428
1137,1,0,7,2,0,420,428
1138,1,1,7,2,0,420,428
1139,2,1,6,3,0,420,428
1140,2,1,4,4,0,420,429
1141,2,1,4,3,0,420,418
1142,2,1,3,3,0,420,411
1143,2,1,3,2,0,420,423
1144,2,2,3,2,0,420,423
1145,2,1,4,2,0,420,423
1146,2,1,4,1,0,420,419
1147,3,1,4,2,0,Ninguno,419
1148,3,1,4,2,0,431,419
1149,4,2,3,2,0,431,419
1150,4,2,3,2,0,431,419
1151,4,2,1,4,0,431,438
1152,3,3,1,3,0,431,422
1153,3,3,1,2,0,431,420
1154,3,3,0,2,0,431,424
1155,3,3,0,2,0,431,424
1156,4,2,1,2,0,431,424
1157,3,2,1,2,0,431,425
1158,2,2,2,1,0,431,421
1159,2,2,2,1,0,431,421
1160,2,2,1,1,0,431,427
1161,3,2,1,1,0,431,441
1162,3,2,1,1,0,431,441
1163,3,1,2,1,0,431,441
1164,3,1,2,1,0,431,441
1165,3,1,2,0,0,431,432
1166,3,1,3,0,0,431,432
1167,3,1,2,0,0,431,434
1168,2,1,3,0,0,Ninguno,431
1169,2,1,3,0,0,435,443
1170,1,1,3,0,0,Ninguno,435
1171,1,0,4,0,0,436,435
1172,1,0,4,0,0,Ninguno,436
1173,1,0,4,0,0,430,436
1174,1,0,4,0,0,430,436
1175,1,0,4,0,0,430,436
1176,0,0,5,0,0,430,436
1177,0,0,4,1,0,430,436
1178,0,0,4,1,0,430,426
1179,1,0,4,0,0,430,446
1180,1,0,4,0,0,430,446
1181,1,0,4,0,0,430,446
1182,0,0,5,0,0,430,448
1183,0,0,4,0,0,430,433
1184,0,0,4,0,0,Ninguno,430
1185,0,0,4,0,0,Ninguno,444
1186,0,0,3,0,0,437,444
1187,0,1,2,0,0,Ninguno,437
1188,0,1,2,0,0,439,437
1189,0,1,1,0,0,Ninguno,439
1190,0,1,2,0,0,442,439
1191,0,1,1,0,0,442,439
1192,0,1,1,0,0,442,439
1193,0,1,1,0,0,442,439
1194,0,1,1,0,0,Ninguno,442
1195,0,1,1,1,0,450,442
1196,0,0,1,1,0,450,442
1197,0,0,2,0,0,450,451
1198,0,0,2,0,0,Ninguno,450
1199,0,0,2,0,0,Ninguno,445
1200,0,1,1,0,0,Ninguno,440
1201,0,1,0,0,0,447,440
1202,0,1,0,0,0,Ninguno,447
1203,0,1,0,0,0,449,447
1204,0,0,0,0,0,449,447
1205,0,0,0,0,0,449,447
1206,0,1,1,0,0,449,447
1207,0,1,1,0,0,449,447
1208,0,1,1,0,0,449,447
1209,0,2,2,1,0,449,447
1210,0,1,3,0,0,449,458
1211,0,1,3,0,1,449,458
1212,0,1,2,1,1,449,458
1213,0,1,2,1,0,449,459
1214,0,1,2,1,0,449,459
1215,0,1,2,0,0,449,452
1216,0,1,3,0,0,449,452
1217,0,1,4,0,0,Ninguno,449
1218,0,1,4,0,0,462,463
1219,0,0,4,0,0,462,463
1220,0,0,4,0,0,462,463
1221,0,0,4,0,1,462,463
1222,0,0,3,1,0,462,464
1223,0,0,3,0,0,462,457
1224,0,0,4,0,0,462,457
1225,1,0,5,0,0,Ninguno,462
1226,1,0,5,0,0,456,462
1227,1,0,4,0,0,Ninguno,456
1228,1,0,3,0,0,454,453
1229,2,0,2,0,0,Ninguno,454
1230,2,0,1,1,0,466,454
1231,2,0,0,1,0,466,454
1232,4,1,0,0,0,466,455
1233,4,1,0,0,0,466,455
1234,3,2,0,0,0,Ninguno,466
1235,2,3,1,0,0,Ninguno,461
1236,2,3,0,0,0,472,461
1237,2,3,0,0,0,Ninguno,472
1238,2,3,0,0,0,470,472
1239,2,2,0,0,0,470,472
1240,3,2,0,0,0,Ninguno,470
1241,3,2,0,0,0,Ninguno,465
1242,3,1,0,0,0,460,465
1243,2,1,0,1,0,460,465
1244,2,1,0,1,0,460,465
1245,2,1,0,1,0,460,465
1246,1,1,1,1,0,460,465
1247,1,1,0,0,0,460,474
1248,0,2,1,0,0,460,474
1249,0,2,1,0,0,Ninguno,460
1250,0,2,1,0,0,Ninguno,467
1251,0,2,1,0,0,471,467
1252,0,2,0,0,0,471,467
1253,0,1,1,1,0,471,467
1254,1,1,1,1,0,471,467
1255,1,1,0,2,0,471,467
1256,1,1,0,2,0,471,477
1257,1,1,0,1,0,471,469
1258,1,1,0,0,0,471,468
1259,0,1,2,0,0,Ninguno,471
1260,0,1,1,0,0,Ninguno,476
1261,0,1,1,0,0,Ninguno,473
1262,0,1,0,0,0,478,473
1263,0,1,0,0,0,478,473
1264,0,1,0,0,0,478,473
1265,0,1,0,0,0,478,473
1266,0,1,0,0,0,478,473
1267,0,1,0,0,0,478,473
1268,0,1,0,0,0,Ninguno,478
1269,0,1,0,0,0,475,478
1270,0,1,0,0,0,Ninguno,475
1271,0,1,0,0,0,479,475
1272,0,0,0,0,0,479,482
1273,1,0,0,0,0,Ninguno,479
1274,1,0,0,0,0,483,485
1275,1,0,0,0,0,483,485
1276,2,0,0,0,1,483,485
1277,2,0,0,0,1,483,485
1278,2,1,0,0,1,483,485
1279,2,1,0,1,1,483,485
1280,2,1,0,1,1,483,485
1281,1,1,1,1,1,483,485
1282,1,1,2,1,1,483,485
1283,1,1,2,1,1,483,485
1284,2,1,2,0,2,483,485
1285,2,1,2,0,2,483,485
1286,2,1,2,0,2,483,485
1287,2,1,2,1,2,Ninguno,485
1288,2,1,3,1,2,489,485
1289,2,1,3,1,1,489,487
1290,2,1,3,1,1,489,487
1291,1,1,5,1,0,489,481
1292,1,1,5,1,0,489,481
1293,1,1,5,0,0,489,483
1294,1,1,5,0,0,Ninguno,489
1295,0,1,6,0,0,488,489
1296,0,1,6,0,0,488,489
1297,1,1,6,0,0,488,489
1298,1,0,7,0,0,Ninguno,488
1299,1,0,7,0,0,490,488
1300,2,0,6,0,0,Ninguno,490
1301,2,0,6,0,0,Ninguno,480
1302,2,0,6,0,0,Ninguno,491
1303,1,1,5,0,0,494,491
1304,1,1,4,0,0,Ninguno,494
1305,1,1,4,0,0,Ninguno,486
1306,2,0,4,0,0,Ninguno,496
1307,2,0,3,0,0,493,496
1308,2,0,2,0,0,493,496
1309,3,0,3,0,0,493,496
1310,3,0,3,0,0,493,496
1311,3,0,3,0,0,493,496
1312,3,0,3,0,0,493,496
1313,2,0,5,0,0,493,496
1314,2,0,5,0,0,Ninguno,493
1315,2,0,5,0,0,Ninguno,495
1316,2,0,5,0,0,497,495
1317,1,0,5,0,0,497,495
1318,1,0,5,0,0,Ninguno,497
1319,0,0,5,1,1,504,497
1320,0,0,4,1,0,504,505
1321,0,0,5,1,0,504,505
1322,0,0,5,1,0,504,505
1323,0,0,6,1,0,504,505
1324,0,0,7,1,0,504,505
1325,0,0,7,1,1,504,505
1326,0,0,7,1,1,504,505
1327,0,0,6,2,1,504,509
1328,0,0,6,3,1,504,509
1329,0,0,5,4,1,504,509
1330,0,0,5,4,1,504,509
1331,0,0,4,5,1,504,509
1332,0,0,4,7,0,Ninguno,510
1333,0,0,4,6,0,511,484
1334,0,0,3,5,0,511,499
1335,0,0,3,4,0,511,492
1336,0,0,3,3,0,511,503
1337,0,1,3,0,3,511,513
1338,0,1,3,0,3,511,513
1339,0,1,3,0,3,511,513
1340,0,1,3,0,3,511,513
1341,0,2,3,0,3,511,513
1342,0,2,3,0,2,511,500
1343,0,1,4,0,1,511,501
1344,0,1,3,1,1,511,501
1345,0,1,3,1,1,511,501
1346,0,1,2,3,0,Ninguno,504
1347,0,1,1,3,0,507,506
1348,0,1,0,2,0,507,498
1349,0,1,0,2,0,507,498
1350,1,1,1,2,0,507,498
1351,1,1,1,2,0,507,498
1352,1,1,1,2,0,507,498
1353,1,1,1,2,0,507,498
1354,1,2,1,1,0,507,511
1355,1,1,3,0,0,507,508
1356,1,1,3,0,0,507,508
1357,1,1,3,0,0,507,508
1358,1,1,2,1,0,507,508
1359,1,1,1,1,0,507,502
1360,0,1,3,1,0,507,502
1361,1,1,3,1,0,507,502
1362,1,1,3,1,0,507,502
1363,0,1,4,1,0,507,502
1364,0,1,3,1,0,507,512
1365,0,0,4,0,0,507,514
1366,0,0,4,0,1,507,514
1367,0,0,3,1,0,507,522
1368,0,0,3,0,0,507,518
1369,0,0,3,0,0,Ninguno,507
1370,0,0,3,0,0,Ninguno,517
1371,0,0,4,0,0,520,517
1372,0,0,3,0,0,520,517
1373,0,0,3,1,0,520,517
1374,0,0,3,0,0,520,516
1375,0,0,3,0,0,520,516
1376,0,0,3,0,0,520,516
1377,0,0,4,0,0,520,516
1378,0,1,4,0,0,520,516
1379,0,1,4,1,0,520,516
1380,0,1,4,1,0,520,516
1381,0,1,3,2,0,520,516
1382,0,1,3,1,0,520,527
1383,0,1,3,0,0,520,519
1384,0,1,3,0,0,520,519
1385,0,1,3,0,0,Ninguno,520
1386,0,1,2,0,0,515,525
1387,0,1,1,0,0,515,529
1388,0,0,2,0,0,Ninguno,515
1389,0,0,3,0,0,Ninguno,526
1390,0,0,2,0,0,Ninguno,524
1391,0,0,1,0,0,523,524
1392,0,0,1,0,0,523,524
1393,0,0,1,0,0,523,524
1394,0,0,1,0,0,Ninguno,523
1395,0,0,1,0,0,Ninguno,528
1396,0,0,1,0,0,521,528
1397,0,0,0,0,0,521,528
1398,0,0,0,0,0,521,528
1399,0,0,0,0,0,Ninguno,521
1400,0,0,0,0,0,531,521
1401,0,0,0,0,0,531,521
1402,1,0,0,0,0,Ninguno,531
1403,1,0,0,0,0,Ninguno,533
1404,1,0,0,0,0,Ninguno,535
1405,1,0,0,0,0,Ninguno,532
1406,1,0,0,0,0,530,532
1407,0,0,0,0,0,530,532
1408,0,0,0,0,0,530,532
1409,1,0,0,0,0,530,532
1410,1,0,0,0,0,530,532
1411,1,0,0,0,0,530,532
1412,1,0,0,0,0,530,532
1413,1,0,0,0,0,530,532
1414,1,0,0,0,0,530,532
1415,1,1,0,0,0,Ninguno,530
1416,2,1,0,0,1,537,530
1417,2,0,0,0,1,537,530
1418,2,0,0,0,1,537,530
1419,2,0,0,0,1,537,530
1420,1,0,1,0,1,537,530
1421,2,0,1,0,1,537,530
1422,2,0,1,0,1,537,530
1423,2,0,1,0,0,537,539
1424,2,0,1,0,0,537,539
1425,3,0,1,0,0,537,539
1426,3,0,1,0,0,537,539
1427,2,0,2,0,0,537,539
1428,2,1,2,0,0,537,544
1429,2,1,2,0,0,537,544
1430,2,1,2,0,0,Ninguno,537
1431,3,1,3,0,0,541,537
1432,4,1,2,0,0,541,537
1433,4,0,3,0,0,Ninguno,541
1434,4,0,3,0,0,538,541
1435,4,0,2,0,0,Ninguno,538
1436,3,0,3,0,0,Ninguno,534
1437,3,0,2,1,0,542,534
1438,3,0,2,1,0,542,534
1439,3,0,2,1,0,542,534
1440,2,0,2,2,0,542,534
1441,2,0,3,2,0,542,534
1442,2,0,3,1,0,542,549
1443,2,0,3,1,0,542,549
1444,1,0,4,0,0,542,545
1445,2,0,4,0,0,542,552
1446,2,0,5,0,0,Ninguno,542
1447,2,0,5,0,0,Ninguno,547
1448,2,0,4,0,0,Ninguno,536
1449,2,0,3,0,0,Ninguno,546
1450,2,0,3,0,0,543,546
1451,2,0,2,0,0,543,546
1452,2,0,2,0,0,543,546
1453,1,0,3,0,0,543,546
1454,1,0,3,0,0,543,546
1455,1,0,5,0,0,Ninguno,543
1456,1,0,6,0,0,554,543
1457,2,0,6,0,0,554,543
1458,2,0,6,0,0,554,543
1459,1,1,6,0,0,554,543
1460,1,0,6,0,0,554,543
1461,1,1,6,0,0,554,543
1462,1,1,6,0,0,Ninguno,554
1463,1,1,4,2,0,558,554
1464,1,1,3,2,0,558,554
1465,0,2,3,2,0,558,554
1466,0,2,5,1,0,558,540
1467,0,2,6,0,0,558,555
1468,0,2,6,0,0,Ninguno,558
1469,0,2,6,0,0,Ninguno,553
1470,0,2,5,0,0,559,553
1471,0,2,4,0,0,Ninguno,559
1472,1,3,4,0,0,Ninguno,557
1473,1,3,3,0,0,548,557
1474,1,3,2,0,0,548,557
1475,1,4,2,0,0,Ninguno,548
1476,2,4,2,0,0,556,548
1477,2,4,1,0,0,556,548
1478,2,5,1,0,0,556,548
1479,2,4,1,1,0,556,548
1480,2,3,2,1,0,556,548
1481,2,3,2,0,0,556,561
1482,1,3,3,0,0,Ninguno,556
1483,1,3,4,0,0,Ninguno,550
1484,1,2,4,0,0,Ninguno,560
1485,1,3,3,0,0,564,560
1486,1,3,2,0,0,564,560
1487,1,2,3,0,0,564,560
1488,0,3,3,1,0,564,560
1489,0,3,4,1,0,564,560
1490,0,3,2,2,0,564,571
1491,0,3,3,2,0,564,571
1492,0,3,3,2,0,564,571
1493,0,3,3,2,0,564,571
1494,0,3,3,2,0,564,571
1495,0,3,4,1,0,564,562
1496,0,4,4,1,0,564,562
1497,0,3,5,1,1,564,562
1498,0,3,5,2,0,Ninguno,575
1499,0,3,5,2,0,567,551
1500,0,3,4,1,0,567,564
1501,0,2,5,1,0,567,564
1502,0,2,5,0,0,567,577
1503,0,1,6,0,0,567,577
1504,1,2,6,0,0,Ninguno,567
1505,1,2,5,0,0,565,570
1506,1,1,5,0,0,565,570
1507,1,2,5,0,0,565,570
1508,1,2,4,1,0,565,570
1509,0,3,5,0,0,565,569
1510,0,2,6,0,0,Ninguno,565
1511,1,2,5,1,0,563,565
1512,1,2,4,1,0,563,565
1513,1,2,3,2,0,563,565
1514,1,2,4,2,0,563,565
1515,1,2,4,2,0,563,565
1516,1,2,3,2,0,563,566
1517,1,2,3,2,0,563,584
1518,1,2,3,1,0,563,573
1519,1,2,3,0,0,563,572
1520,1,1,3,0,0,563,574
1521,2,1,4,0,0,563,574
1522,1,1,6,0,0,563,574
1523,1,0,6,1,0,563,574
1524,1,0,6,0,0,563,581
1525,2,0,4,1,0,563,568
1526,2,0,4,1,0,563,568
1527,2,0,6,1,0,563,568
1528,2,0,5,1,0,563,579
1529,1,1,5,1,0,563,579
1530,2,0,5,1,0,563,579
1531,1,1,4,2,0,563,579
1532,1,1,4,1,0,563,576
1533,1,1,4,0,0,563,580
1534,1,1,4,0,0,563,580
1535,1,1,5,0,0,563,580
1536,1,1,5,1,0,Ninguno,580
1537,2,1,4,2,0,587,580
1538,2,1,3,1,0,587,563
1539,2,1,3,0,0,587,583
1540,2,2,4,0,0,Ninguno,587
1541,3,1,5,0,0,585,587
1542,3,1,4,0,0,Ninguno,585
1543,2,2,5,0,0,586,585
1544,2,2,4,0,0,Ninguno,586
1545,2,2,5,0,0,588,586
1546,2,2,4,0,0,Ninguno,588
1547,1,2,5,0,0,589,588
1548,1,2,4,0,0,Ninguno,589
1549,0,1,7,0,0,Ninguno,578
1550,0,1,6,0,0,582,578
1551,0,0,7,0,0,582,578
1552,0,0,7,0,0,582,578
1553,0,1,6,0,0,582,593
1554,0,0,7,0,0,582,593
1555,0,0,6,0,0,582,591
1556,1,0,5,1,0,582,591
1557,2,0,4,2,0,582,591
1558,2,0,4,2,0,582,591
1559,2,0,4,1,0,582,596
1560,1,0,5,0,0,582,597
1561,2,0,5,0,0,Ninguno,582
1562,2,0,5,0,0,592,582
1563,2,0,4,0,0,Ninguno,592
1564,2,0,4,0,0,Ninguno,594
1565,2,0,3,0,0,598,594
1566,3,0,2,0,0,598,594
1567,3,0,2,0,0,Ninguno,598
1568,3,0,2,0,0,Ninguno,599
1569,3,0,1,0,0,595,599
1570,3,0,0,0,0,595,599
1571,3,0,2,0,0,Ninguno,595
1572,3,1,2,0,0,Ninguno,600
1573,3,1,1,0,0,Ninguno,606
1574,2,2,0,0,0,590,606
1575,2,2,0,0,0,590,606
1576,1,3,1,0,0,Ninguno,590
1577,1,3,0,1,0,604,590
1578,1,3,0,1,0,604,590
1579,1,3,0,1,0,604,590
1580,0,3,1,1,0,604,590
1581,0,3,0,0,0,604,609
1582,0,4,1,0,0,604,609
1583,0,4,1,0,0,604,609
1584,0,4,1,0,0,604,609
1585,0,4,1,0,0,Ninguno,604
1586,2,4,1,0,0,603,604
1587,3,4,0,0,0,603,604
1588,3,4,0,0,0,603,604
1589,3,3,1,0,0,603,604
1590,3,2,2,0,0,Ninguno,603
1591,4,2,2,0,0,605,603
1592,4,2,1,0,0,605,603
1593,4,2,1,0,0,605,603
1594,4,2,2,0,0,605,603
1595,5,1,2,1,0,605,603
1596,3,2,3,1,0,605,603
1597,2,1,5,1,0,605,603
1598,2,1,6,2,0,605,603
1599,2,1,5,3,0,605,603
1600,2,1,5,3,0,605,603
1601,2,0,7,2,0,605,607
1602,2,0,6,3,0,605,607
1603,2,0,5,3,0,605,618
1604,2,0,5,2,0,605,601
1605,1,0,5,3,0,605,601
1606,1,1,5,2,0,605,610
1607,1,0,6,2,0,605,610
1608,1,0,6,2,0,605,602
1609,1,1,5,2,0,605,611
1610,1,1,5,3,0,605,611
1611,0,1,6,2,0,605,622
1612,0,1,6,2,0,605,612
1613,0,1,6,2,0,605,612
1614,0,2,6,1,0,605,614
1615,0,1,7,0,0,605,625
1616,0,1,8,1,0,Ninguno,625
1617,0,1,8,0,0,616,605
1618,0,2,7,0,0,Ninguno,616
1619,0,2,7,0,0,608,616
1620,0,2,6,0,0,608,616
1621,0,2,6,0,1,608,616
1622,0,4,5,1,1,608,616
1623,0,4,4,2,0,608,628
1624,0,3,5,2,0,608,628
1625,0,3,5,2,0,608,628
1626,0,3,4,2,0,608,624
1627,0,2,5,2,0,608,624
1628,0,2,4,3,0,608,624
1629,0,1,5,3,0,608,624
1630,0,1,6,2,0,608,619
1631,0,1,4,3,0,608,620
1632,0,0,5,3,0,608,620
1633,0,0,5,3,0,608,621
1634,0,0,4,4,0,608,621
1635,0,0,4,4,0,608,621
1636,0,0,4,4,0,608,623
1637,0,0,4,3,0,608,627
1638,0,0,3,4,0,608,627
1639,1,0,3,3,0,608,613
1640,1,0,3,0,3,608,613
1641,1,0,4,0,3,608,613
1642,1,0,4,0,2,608,630
1643,1,0,2,2,1,608,615
1644,2,0,3,3,0,Ninguno,626
1645,1,0,4,2,0,629,617
1646,1,0,3,2,0,629,639
1647,1,0,3,1,0,629,632
1648,1,0,4,1,0,629,632
1649,1,0,4,1,0,629,632
1650,1,0,3,2,0,629,632
1651,1,0,3,2,0,629,632
1652,1,0,3,2,0,629,632
1653,1,1,3,2,0,629,632
1654,1,1,3,1,0,629,608
1655,2,1,4,0,0,629,634
1656,2,1,4,0,0,629,634
1657,1,2,4,1,0,629,634
1658,1,2,4,0,0,629,633
1659,1,2,4,0,0,629,633
1660,2,2,4,0,0,629,633
1661,2,2,4,0,0,Ninguno,629
1662,2,1,5,0,0,636,629
1663,1,1,6,0,0,Ninguno,636
1664,1,1,6,0,0,637,636
1665,0,1,6,0,0,637,636
1666,0,1,6,0,0,637,636
1667,0,1,6,0,0,637,636
1668,0,1,6,1,0,637,636
1669,1,1,4,3,0,637,636
1670,1,1,3,5,0,637,636
1671,1,1,4,5,0,637,636
1672,1,0,5,5,0,637,636
1673,1,0,5,4,0,637,642
1674,1,1,5,3,0,637,631
1675,1,1,4,3,0,637,640
1676,1,1,4,2,0,637,649
1677,2,1,4,0,1,637,644
1678,2,1,4,0,0,637,641
1679,2,0,4,1,0,637,641
1680,2,1,4,1,0,637,643
1681,2,1,3,1,0,637,654
1682,2,1,3,1,0,637,654
1683,3,1,3,1,0,637,654
1684,3,0,4,1,0,637,654
1685,3,1,5,0,1,637,654
1686,2,1,6,1,0,637,647
1687,1,1,6,2,0,637,647
1688,1,1,6,2,0,637,635
1689,1,1,6,3,0,Ninguno,635
1690,1,1,6,2,0,638,646
1691,1,2,5,2,0,638,646
1692,1,2,5,1,0,638,651
1693,1,2,5,1,0,638,651
1694,0,2,6,1,0,638,651
1695,0,2,6,2,0,638,651
1696,1,2,5,3,0,638,651
1697,1,2,5,3,0,638,651
1698,0,2,7,2,0,638,637
1699,0,2,7,2,0,638,661
1700,0,2,7,1,0,638,645
1701,0,1,8,0,0,638,664
1702,0,1,7,0,0,638,653
1703,0,1,5,2,0,638,653
1704,0,3,7,1,0,638,660
1705,0,3,7,1,0,638,660
1706,0,3,7,0,0,638,652
1707,0,3,5,2,0,638,652
1708,1,3,5,3,0,638,652
1709,1,3,4,4,0,638,656
1710,1,3,4,4,0,638,656
1711,0,3,4,4,0,638,658
1712,0,3,3,4,0,638,657
1713,0,3,3,4,0,638,657
1714,1,1,5,4,0,638,657
1715,1,0,6,5,0,Ninguno,657
1716,1,0,5,7,0,663,671
1717,1,0,4,0,6,663,655
1718,1,0,5,0,6,663,655
1719,1,0,5,0,6,663,655
1720,1,0,6,0,6,663,655
1721,1,0,6,0,6,663,655
1722,1,0,5,1,6,663,655
1723,1,0,5,1,6,663,655
1724,1,1,5,1,5,663,650
1725,2,0,6,1,4,663,659
1726,1,2,5,2,3,663,638
1727,1,1,6,0,5,663,673
1728,1,1,6,0,4,663,666
1729,1,1,6,0,4,663,666
1730,1,1,6,1,4,663,666
1731,1,1,5,2,3,663,648
1732,1,1,5,2,3,663,648
1733,1,1,4,3,3,663,648
1734,1,1,3,4,2,663,680
1735,0,2,4,4,2,663,680
1736,0,2,4,4,2,663,680
1737,0,2,4,4,2,663,680
1738,0,2,3,5,1,663,669
1739,0,2,4,5,0,663,665
1740,0,2,4,5,0,663,665
1741,0,2,5,6,0,Ninguno,665
1742,0,1,6,6,0,675,665
1743,0,1,4,6,0,675,668
1744,0,1,5,5,0,675,667
1745,0,1,6,0,5,675,667
1746,0,1,5,1,5,675,667
1747,0,1,5,1,5,675,667
1748,0,1,4,3,5,675,667
1749,0,1,5,3,5,675,667
1750,0,1,5,3,5,675,667
1751,0,1,5,3,5,675,667
1752,0,1,3,5,5,675,667
1753,0,1,3,5,5,675,667
1754,0,0,4,5,5,675,667
1755,0,0,4,5,5,675,667
1756,1,0,4,6,5,675,667
1757,2,0,4,6,5,675,667
1758,2,0,3,7,5,675,667
1759,2,0,3,7,4,675,674
1760,2,0,3,7,3,675,662
1761,2,0,4,7,2,675,672
1762,2,0,3,8,1,675,663
1763,2,0,3,8,0,675,681
1764,2,0,2,9,0,675,681
1765,2,0,3,9,0,675,681
1766,2,0,3,8,0,675,677
1767,2,0,4,8,0,Ninguno,679
1768,2,0,4,8,0,693,679
1769,1,0,4,8,0,693,679
1770,2,0,3,9,0,693,679
1771,3,0,3,8,0,693,676
1772,3,0,3,0,7,693,683
1773,3,0,2,1,7,693,683
1774,3,0,3,1,7,693,683
1775,3,0,2,2,7,693,683
1776,3,0,2,2,7,693,683
1777,3,0,3,2,7,693,683
1778,2,0,4,0,9,693,683
1779,2,0,4,0,8,693,670
1780,2,0,4,0,8,693,670
1781,2,0,4,1,8,Ninguno,670
1782,3,0,3,2,8,682,670
1783,3,0,2,2,7,682,684
1784,3,0,2,2,7,682,684
1785,3,0,2,3,7,682,684
1786,3,0,2,3,7,682,684
1787,3,0,2,3,6,682,685
1788,2,0,3,3,6,682,685
1789,2,0,3,3,5,682,686
1790,2,0,3,4,4,682,687
1791,2,0,3,4,4,682,687
1792,1,1,4,4,3,682,675
1793,0,2,4,4,2,682,691
1794,0,2,5,4,2,682,691
1795,0,2,5,4,2,682,691
1796,0,2,5,4,2,682,691
1797,0,2,5,4,2,682,691
1798,0,2,5,4,1,682,688
1799,0,2,5,4,0,682,678
1800,0,1,5,4,0,682,693
1801,1,1,6,3,0,682,690
1802,1,2,3,5,0,682,699
1803,2,2,3,5,0,682,699
1804,2,2,4,4,0,682,701
1805,2,2,4,4,0,682,701
1806,2,2,4,4,0,682,701
1807,2,3,4,5,0,Ninguno,701
1808,2,3,3,6,0,694,701
1809,3,3,2,5,0,694,689
1810,3,3,2,5,0,694,689
1811,3,3,2,5,0,694,689
1812,3,2,3,5,0,694,689
1813,2,2,4,4,0,694,697
1814,2,1,6,4,0,694,697
1815,2,1,6,3,0,694,692
1816,2,1,5,4,0,694,692
1817,2,1,5,4,0,694,692
1818,2,1,5,4,1,694,692
1819,1,2,5,5,1,694,692
1820,0,2,5,5,1,694,692
1821,0,1,5,6,1,694,692
1822,1,1,5,6,0,694,712
1823,1,1,5,6,0,694,712
1824,1,2,5,6,0,694,712
1825,1,2,4,7,0,694,712
1826,1,2,4,7,0,694,712
1827,1,1,4,7,0,694,700
1828,0,1,5,7,0,694,700
1829,1,1,5,7,0,694,700
1830,1,1,5,7,0,694,700
1831,1,1,4,8,0,694,700
1832,1,1,4,7,0,694,682
1833,1,1,4,7,0,Ninguno,698
1834,2,1,5,6,0,702,708
1835,2,1,4,6,0,702,708
1836,2,1,4,5,0,702,695
1837,2,1,4,5,0,702,695
1838,3,1,4,4,0,702,696
1839,3,1,2,5,0,702,706
1840,2,1,3,4,0,702,704
1841,2,1,3,3,0,702,709
1842,2,1,4,2,0,702,694
1843,2,0,5,1,0,702,711
1844,3,0,4,2,0,702,711
1845,3,0,4,2,0,702,711
1846,3,0,3,4,0,702,711
1847,2,0,3,4,0,702,703
1848,2,0,3,4,0,702,703
1849,2,0,3,4,0,702,703
1850,2,0,3,4,1,702,703
1851,2,0,3,4,1,702,703
1852,2,0,3,4,1,702,703
1853,1,0,4,4,1,702,703
1854,0,1,4,4,2,702,703
1855,0,1,3,5,1,702,722
1856,0,1,3,5,0,702,723
1857,0,1,3,6,0,702,723
1858,0,1,3,6,1,702,723
1859,0,1,3,7,0,Ninguno,725
1860,0,0,4,6,0,713,705
1861,0,0,3,6,0,713,705
1862,0,0,3,6,0,713,705
1863,1,0,4,6,0,713,705
1864,1,0,4,6,0,713,705
1865,1,0,4,6,0,713,728
1866,1,0,4,5,0,713,721
1867,1,0,3,5,0,713,707
1868,1,0,3,4,0,713,714
1869,1,0,3,4,0,713,714
1870,1,0,3,4,0,713,710
1871,1,0,3,4,0,713,710
1872,1,0,3,3,0,713,716
1873,1,0,3,3,0,713,716
1874,1,0,4,2,0,713,702
1875,0,1,3,4,0,713,702
1876,0,0,4,3,0,713,719
1877,0,0,3,4,1,713,719
1878,0,0,3,4,0,713,732
1879,0,0,3,4,0,713,732
1880,0,0,2,5,0,713,732
1881,0,0,3,5,0,713,732
1882,0,1,2,6,0,713,732
1883,0,1,2,5,0,713,729
1884,0,1,2,5,0,713,729
1885,1,1,2,6,1,Ninguno,729
1886,1,1,2,6,1,726,729
1887,2,1,1,6,0,726,736
1888,2,1,1,5,0,726,731
1889,2,1,2,5,0,726,731
1890,2,1,2,4,0,726,715
1891,2,1,3,4,0,726,715
1892,2,1,3,4,0,726,715
1893,2,0,4,4,0,726,715
1894,2,0,4,3,0,726,717
1895,1,1,4,3,0,726,717
1896,1,1,5,2,0,726,720
1897,1,1,4,2,0,726,718
1898,1,1,4,2,0,726,718
1899,0,2,4,2,0,726,718
1900,0,1,5,2,0,726,741
1901,0,2,6,1,0,726,713
1902,0,2,6,2,0,726,713
1903,0,2,6,2,0,726,713
1904,0,2,5,2,0,726,730
1905,0,1,6,2,0,726,724
1906,0,1,5,2,0,726,738
1907,0,2,5,2,0,726,738
1908,0,2,4,2,0,726,734
1909,0,2,4,1,0,726,727
1910,0,2,4,0,0,726,735
1911,0,2,4,0,0,Ninguno,726
1912,1,2,4,0,0,739,726
1913,1,2,3,0,0,739,726
1914,1,2,4,0,0,Ninguno,739
1915,1,2,4,0,0,740,739
1916,1,2,3,0,0,740,739
1917,1,3,4,0,0,Ninguno,740
1918,1,3,4,0,0,745,740
1919,1,3,3,0,0,745,740
1920,1,1,5,0,0,745,740
1921,1,1,6,0,0,Ninguno,745
1922,2,1,6,0,0,742,745
1923,2,1,5,0,0,Ninguno,742
1924,2,1,5,0,0,Ninguno,744
1925,2,1,4,0,0,743,744
1926,3,0,4,0,0,743,744
1927,3,0,5,0,0,Ninguno,743
1928,4,0,5,0,0,Ninguno,746
1929,4,0,3,1,0,748,746
1930,3,0,3,1,0,748,746
1931,3,1,3,1,0,748,746
1932,2,1,4,0,0,748,750
1933,2,1,3,0,0,748,737
1934,2,1,3,0,0,Ninguno,748
1935,3,1,3,0,0,Ninguno,751
1936,2,1,3,0,0,Ninguno,733
1937,2,1,2,0,0,752,733
1938,2,1,1,0,0,752,733
1939,2,1,1,0,0,Ninguno,752
1940,1,1,3,0,0,Ninguno,758
1941,2,0,3,0,0,Ninguno,756
1942,2,0,2,0,0,Ninguno,747
1943,1,0,2,0,0,754,747
1944,1,0,2,0,0,754,747
1945,0,0,3,0,0,Ninguno,754
1946,0,0,3,0,0,753,754
1947,0,0,3,0,0,Ninguno,753
1948,1,0,3,0,0,755,753
1949,1,0,2,0,0,Ninguno,755
1950,1,0,2,0,0,757,755
1951,1,0,1,0,0,757,755
1952,1,0,1,0,0,Ninguno,757
1953,1,0,2,0,0,749,757
1954,1,0,1,0,0,749,757
1955,1,0,1,0,0,749,757
1956,1,0,2,0,0,Ninguno,749
1957,1,0,2,0,0,762,749
1958,0,0,2,0,0,762,749
1959,0,0,3,0,0,Ninguno,762
1960,0,0,4,0,0,760,762
1961,0,0,3,0,1,760,762
1962,0,0,3,0,1,760,762
1963,0,0,3,0,1,760,762
1964,0,0,3,0,1,760,762
1965,0,0,3,0,1,760,762
1966,0,0,3,1,1,760,762
1967,0,0,3,1,1,760,762
1968,0,0,4,1,1,760,762
1969,0,0,3,2,0,760,765
1970,0,0,3,1,0,760,767
1971,0,0,2,2,0,760,767
1972,0,0,2,1,0,760,763
1973,0,0,2,1,0,760,763
1974,1,0,2,0,0,760,761
1975,1,0,2,0,0,760,761
1976,1,0,2,0,0,760,761
1977,1,0,2,1,0,760,761
1978,1,0,2,1,0,760,761
1979,1,0,2,1,0,760,761
1980,1,0,2,1,0,760,761
1981,0,0,2,2,0,760,761
1982,0,0,2,2,0,760,771
1983,0,1,2,1,0,760,768
1984,0,1,2,0,0,760,764
1985,0,1,2,1,0,Ninguno,764
1986,0,1,2,1,1,759,764
1987,0,1,1,1,0,759,774
1988,0,0,2,1,0,759,774
1989,0,0,2,1,0,759,774
1990,1,0,2,0,0,759,760
1991,1,0,2,0,0,759,760
1992,1,0,2,1,0,759,760
1993,1,0,2,0,0,759,769
1994,1,0,2,0,0,Ninguno,759
1995,1,0,2,0,0,772,759
1996,1,0,2,0,0,772,759
1997,1,0,2,0,0,772,759
1998,1,0,2,0,0,772,759
1999,1,1,2,0,0,772,759
2000,1,1,2,0,0,772,759
2001,1,0,3,0,0,Ninguno,772
2002,2,0,3,0,0,773,772
2003,2,0,2,0,0,773,772
2004,2,0,2,0,0,Ninguno,773
2005,2,0,2,0,0,766,773
2006,1,2,1,0,0,Ninguno,766
2007,1,2,1,0,0,Ninguno,777
2008,0,3,0,0,0,Ninguno,770
2009,0,3,0,0,0,Ninguno,778
2010,0,3,0,1,0,776,778
2011,0,2,0,0,0,776,782
2012,0,2,1,0,0,Ninguno,776
2013,0,2,0,0,0,779,776
2014,0,2,0,0,0,Ninguno,779
2015,0,2,0,0,0,780,779
2016,0,1,0,0,0,780,779
2017,0,1,0,0,0,780,779
2018,0,1,0,0,0,780,779
2019,0,1,0,0,0,780,779
2020,0,2,0,0,0,780,779
2021,0,2,0,0,0,Ninguno,780
2022,0,2,0,0,0,Ninguno,775
2023,0,1,0,0,0,781,775
2024,1,0,0,0,1,781,775
2025,0,0,1,0,1,781,775
2026,1,0,0,0,1,781,775
2027,1,0,0,0,0,781,785
2028,1,0,0,0,0,Ninguno,781
2029,2,0,0,1,0,783,781
2030,3,0,0,2,0,783,781
2031,3,0,1,1,0,783,788
2032,3,0,1,1,0,783,788
2033,3,1,1,1,0,783,788
2034,3,1,1,1,0,783,788
2035,3,1,1,1,0,783,788
2036,3,1,1,0,0,783,790
2037,3,2,1,0,0,783,790
2038,3,2,1,0,0,783,790
2039,3,1,2,0,0,Ninguno,783
2040,2,1,3,0,0,784,783
2041,2,1,2,0,0,784,783
2042,1,1,4,0,0,784,783
2043,2,1,4,0,0,784,783
2044,2,1,4,0,0,Ninguno,784
2045,1,2,3,0,0,791,793
2046,1,1,3,0,0,Ninguno,791
2047,1,1,4,0,1,792,791
2048,0,1,4,0,1,792,791
2049,1,0,5,0,1,792,791
2050,1,0,4,1,1,792,791
2051,1,0,5,1,1,792,791
2052,1,0,5,1,1,792,791
2053,1,0,5,1,2,792,791
2054,1,0,5,1,2,792,791
2055,1,0,4,0,4,792,791
2056,1,0,4,0,3,792,799
2057,1,0,5,0,2,792,802
2058,1,0,5,0,1,792,795
2059,0,0,6,0,0,792,794
2060,0,0,7,0,0,Ninguno,792
2061,0,0,7,0,0,796,792
2062,0,0,7,0,0,796,792
2063,0,0,8,0,0,Ninguno,796
2064,0,0,8,0,0,Ninguno,786
2065,0,0,7,0,0,Ninguno,798
2066,0,0,6,0,0,787,798
2067,0,0,5,0,0,787,798
2068,0,0,6,0,0,787,798
2069,0,0,6,0,0,Ninguno,787
2070,0,0,6,0,0,Ninguno,789
2071,0,0,6,0,0,Ninguno,804
2072,0,0,6,0,0,801,804
2073,0,0,5,0,0,Ninguno,801
2074,0,0,5,0,0,806,801
2075,0,0,4,0,0,Ninguno,806
2076,0,0,4,0,0,800,806
2077,1,0,3,1,0,800,806
2078,1,0,3,1,0,800,806
2079,1,0,3,1,0,800,806
2080,1,0,3,1,0,800,806
2081,0,0,4,2,0,800,806
2082,0,0,4,2,0,800,806
2083,0,0,3,3,0,800,806
2084,0,0,3,3,0,800,806
2085,0,0,2,3,0,800,810
2086,0,0,2,2,0,800,811
2087,0,0,3,1,0,800,803
2088,0,0,3,1,0,800,803
2089,0,0,3,0,0,800,807
2090,0,0,4,0,0,Ninguno,800
2091,0,0,3,0,0,805,797
2092,0,0,2,0,0,Ninguno,805
2093,0,0,2,0,0,808,814
2094,0,0,1,0,0,Ninguno,808
2095,0,0,1,0,1,809,808
2096,0,0,0,0,1,809,808
2097,2,0,0,0,0,809,815
2098,2,0,0,0,0,809,815
2099,2,0,0,0,0,809,815
2100,2,1,0,0,0,809,815
2101,2,1,0,0,0,809,815
2102,2,2,0,0,0,809,815
2103,2,2,0,0,0,Ninguno,809
2104,2,1,1,0,0,Ninguno,812
2105,1,1,1,0,0,813,812
2106,1,1,0,0,0,Ninguno,813
2107,2,1,0,0,0,816,813
2108,2,1,0,0,0,816,813
2109,2,1,0,0,0,816,813
2110,2,1,0,0,0,Ninguno,816
2111,2,2,0,0,0,820,816
2112,2,1,0,0,0,820,816
2113,2,1,0,0,0,Ninguno,820
2114,2,1,0,0,0,Ninguno,819
2115,2,1,0,0,0,Ninguno,822
2116,2,2,1,0,0,Ninguno,825
2117,2,1,0,0,0,Ninguno,817
2118,2,1,0,0,0,Ninguno,818
2119,3,0,0,0,0,824,818
2120,3,0,0,0,0,824,818
2121,3,0,0,0,0,824,818
2122,3,0,0,0,0,Ninguno,824
2123,3,0,0,0,0,829,824
2124,3,0,0,0,0,829,824
2125,3,0,0,0,0,829,824
2126,2,0,1,0,0,Ninguno,829
2127,2,0,0,0,0,821,830
2128,2,0,0,0,0,821,830
2129,1,0,1,0,0,821,830
2130,1,0,0,0,0,821,830
2131,2,0,3,0,0,Ninguno,821
2132,2,0,3,0,0,Ninguno,828
2133,2,0,2,0,0,831,828
2134,2,0,1,0,0,831,828
2135,1,1,2,0,0,831,828
2136,0,1,2,0,1,831,828
2137,0,1,2,0,1,831,828
2138,0,1,2,0,1,831,828
2139,0,1,2,0,1,831,828
2140,0,1,2,0,1,831,835
2141,0,1,3,0,1,831,835
2142,0,1,2,1,0,831,836
2143,0,1,2,1,0,831,836
2144,0,1,2,1,0,831,836
2145,0,1,2,1,0,831,836
2146,0,1,2,0,0,831,827
2147,0,1,2,0,0,831,827
2148,0,2,2,0,0,831,827
2149,0,2,3,0,0,Ninguno,831
2150,0,1,4,0,0,834,831
2151,0,1,3,0,0,Ninguno,834
2152,0,1,3,1,0,833,834
2153,0,1,3,1,0,833,834
2154,0,1,3,1,0,833,834
2155,0,0,5,0,0,833,840
2156,0,0,5,0,0,833,840
2157,0,0,5,0,0,833,840
2158,0,0,6,0,0,Ninguno,833
2159,0,0,5,0,0,826,823
2160,0,0,4,0,0,Ninguno,826
2161,0,0,4,0,0,Ninguno,832
2162,0,0,3,0,0,Ninguno,842
2163,0,0,2,1,0,837,842
2164,0,0,1,1,0,837,842
2165,0,1,1,0,0,837,843
2166,0,1,1,0,0,Ninguno,837
2167,0,0,2,0,0,839,837
2168,0,0,1,0,0,839,837
2169,0,0,2,0,0,839,837
2170,0,0,2,0,0,839,837
2171,0,0,2,0,0,839,837
2172,1,0,2,0,0,Ninguno,839
2173,1,0,2,0,0,845,839
2174,2,0,2,0,0,845,839
2175,2,0,3,0,0,845,839
2176,2,0,3,0,0,845,839
2177,2,0,2,1,0,845,839
2178,2,0,3,0,0,845,844
2179,2,0,2,0,0,845,841
2180,2,0,2,0,0,845,841
2181,2,0,2,0,0,845,841
2182,3,0,2,0,0,Ninguno,845
2183,2,1,2,0,0,838,845
2184,2,0,2,0,0,838,845
2185,2,0,2,0,0,838,845
2186,2,0,2,0,0,838,845
2187,2,0,2,0,0,838,845
2188,2,1,2,0,0,Ninguno,838
2189,2,1,2,0,0,850,838
2190,2,0,2,0,0,850,838
2191,1,1,2,0,0,850,838
2192,0,2,1,0,0,850,848
2193,0,3,1,0,0,Ninguno,850
2194,0,3,1,0,0,849,850
2195,0,3,0,0,0,849,850
2196,0,3,0,0,0,Ninguno,849
2197,1,3,0,0,0,Ninguno,852
2198,1,3,0,0,0,Ninguno,846
2199,1,2,0,0,0,Ninguno,856
2200,0,2,1,0,0,Ninguno,853
2201,0,1,0,0,0,851,853
2202,0,2,0,0,0,851,853
2203,0,2,0,0,0,851,853
2204,0,2,0,0,0,Ninguno,851
2205,0,2,1,0,0,858,851
2206,0,2,0,0,0,858,851
2207,0,2,0,0,0,858,851
2208,0,2,0,0,0,858,851
2209,0,2,1,0,0,858,851
2210,0,2,1,0,0,Ninguno,858
2211,0,2,1,0,0,Ninguno,859
2212,0,2,2,0,0,Ninguno,847
2213,0,1,2,0,0,860,847
2214,0,1,1,0,0,860,847
2215,0,1,1,0,0,860,847
2216,0,1,2,0,0,Ninguno,860
2217,0,1,2,0,0,Ninguno,855
2218,0,1,2,0,0,864,855
2219,0,1,1,0,0,864,855
2220,0,1,1,0,0,Ninguno,864
2221,0,1,2,0,0,Ninguno,857
2222,0,0,2,0,0,861,857
2223,0,0,2,0,0,861,857
2224,1,0,2,0,0,861,857
2225,1,0,2,0,0,Ninguno,861
2226,1,0,2,0,0,Ninguno,862
2227,1,0,1,0,0,866,862
2228,1,0,0,0,0,Ninguno,866
2229,2,0,0,0,0,854,866
2230,1,0,1,0,0,854,866
2231,1,0,1,0,0,854,866
2232,1,0,1,0,0,Ninguno,854
2233,1,0,1,0,0,863,854
2234,1,0,1,0,0,863,854
2235,1,0,1,0,0,863,854
2236,1,0,1,0,0,863,854
2237,0,0,2,0,0,863,854
2238,0,0,2,0,0,Ninguno,863
2239,1,0,2,0,0,Ninguno,869
2240,1,0,2,0,0,Ninguno,865
2241,1,0,1,0,1,868,865
2242,0,0,1,1,0,868,872
2243,0,0,1,1,0,868,872
2244,0,0,1,1,0,868,872
2245,0,0,1,0,0,868,873
2246,0,0,1,1,0,868,873
2247,1,0,1,1,0,868,873
2248,1,0,1,1,0,868,873
2249,1,0,3,0,0,868,874
2250,1,0,3,0,0,Ninguno,868
2251,1,0,3,0,0,Ninguno,870
2252,1,0,2,0,0,Ninguno,867
2253,1,1,1,0,0,877,867
2254,1,1,0,0,0,877,867
2255,1,1,0,0,0,877,867
2256,1,1,0,0,0,877,867
2257,1,1,2,0,1,877,867
2258,1,1,2,0,1,877,867
2259,1,0,3,0,1,877,867
2260,1,0,3,0,1,877,867
2261,1,0,2,1,1,877,867
2262,1,0,3,1,1,877,867
2263,1,0,3,1,1,877,867
2264,1,0,3,1,1,877,867
2265,0,0,4,1,0,877,882
2266,0,0,4,1,0,877,882
2267,1,0,4,1,1,877,882
2268,1,0,4,1,0,877,884
2269,1,0,4,0,0,877,876
2270,2,0,4,0,0,877,876
2271,2,0,5,0,0,877,876
2272,3,0,5,0,0,Ninguno,877
2273,3,0,4,0,0,879,878
2274,3,0,3,0,0,Ninguno,879
2275,3,0,4,0,0,Ninguno,880
2276,2,0,4,0,0,Ninguno,888
2277,2,0,3,0,0,883,888
2278,2,0,3,0,0,883,888
2279,2,0,3,0,0,883,888
2280,2,0,4,0,0,883,888
2281,1,1,5,0,0,883,888
2282,0,0,6,0,0,Ninguno,883
2283,0,0,6,0,0,Ninguno,871
2284,0,0,5,0,0,875,871
2285,0,0,4,0,0,Ninguno,875
2286,1,0,4,0,0,885,875
2287,1,0,4,1,0,885,875
2288,1,0,4,1,0,885,875
2289,1,0,4,0,0,885,893
2290,1,0,5,0,0,885,893
2291,1,0,5,0,0,885,893
2292,1,0,5,0,0,885,893
2293,1,0,6,0,0,Ninguno,885
2294,1,0,7,0,0,Ninguno,890
2295,1,0,6,0,0,887,890
2296,0,0,6,0,0,Ninguno,887
2297,0,0,7,0,0,881,887
2298,0,0,6,0,0,881,887
2299,0,0,6,0,0,Ninguno,881
2300,0,0,5,0,0,891,894
2301,0,0,4,0,0,891,898
2302,0,0,4,0,0,891,898
2303,0,0,4,0,0,891,898
2304,0,0,4,0,0,Ninguno,891
2305,0,0,4,0,1,886,891
2306,0,0,3,0,1,886,891
2307,0,0,3,0,0,886,900
2308,0,0,3,0,0,Ninguno,886
2309,0,0,3,1,0,895,886
2310,0,0,2,1,0,895,886
2311,0,0,2,1,0,895,886
2312,1,0,3,0,1,895,886
2313,1,0,3,0,1,895,886
2314,1,0,4,0,1,895,886
2315,1,0,4,0,1,895,886
2316,1,0,4,0,1,895,886
2317,1,0,4,0,1,895,886
2318,2,0,3,1,0,895,892
2319,2,0,3,0,0,895,896
2320,2,0,3,0,0,Ninguno,895
2321,2,0,4,0,0,Ninguno,889
2322,1,0,5,0,0,904,889
2323,1,0,4,1,0,904,889
2324,1,0,4,0,0,904,907
2325,1,0,4,0,0,904,907
2326,1,0,4,0,0,904,907
2327,1,0,3,1,0,904,907
2328,0,0,5,1,0,904,907
2329,0,0,5,1,0,904,907
2330,1,0,5,0,0,904,899
2331,1,0,5,0,0,904,899
2332,1,0,5,1,0,Ninguno,899
2333,1,0,5,0,0,897,904
2334,1,0,3,0,0,897,902
2335,1,0,3,0,0,Ninguno,897
2336,1,0,2,1,0,906,897
2337,0,0,2,1,0,906,897
2338,0,0,2,1,0,906,911
2339,0,0,2,0,0,906,903
2340,0,0,2,0,0,906,903
2341,0,0,2,0,0,Ninguno,906
2342,0,0,3,0,0,912,906
2343,0,0,2,0,0,Ninguno,912
2344,0,0,2,0,0,908,912
2345,0,0,1,0,0,Ninguno,908
2346,1,0,1,0,0,901,908
2347,1,0,0,0,0,901,908
2348,0,0,1,0,0,901,908
2349,0,0,2,0,0,901,908
2350,0,0,4,0,0,901,908
2351,0,0,5,0,0,901,908
2352,0,0,5,0,0,901,908
2353,0,0,5,0,0,Ninguno,901
2354,0,0,5,0,0,910,901
2355,0,0,5,0,0,Ninguno,910
2356,0,0,6,0,0,Ninguno,909
2357,0,0,5,0,0,905,909
2358,0,0,4,0,0,Ninguno,905
2359,0,0,4,0,0,915,905
2360,0,0,3,0,0,915,905
2361,0,0,3,0,0,915,905
2362,0,0,3,0,0,915,905
2363,0,0,3,0,0,915,905
2364,0,0,4,0,0,Ninguno,915
2365,0,0,4,0,0,914,915
2366,0,0,3,0,0,914,915
2367,0,0,3,0,0,914,915
2368,0,0,2,0,0,914,913
2369,0,0,2,0,0,Ninguno,914
2370,0,0,2,0,0,Ninguno,916
2371,0,0,1,0,0,919,916
2372,0,0,0,0,0,919,921
2373,0,0,0,0,0,Ninguno,919
2374,0,0,0,0,0,917,922
2375,0,0,0,0,0,917,922
2376,0,0,0,0,0,917,922
2377,0,0,0,0,0,917,922
2378,0,0,0,0,0,917,922
2379,0,0,2,0,0,917,922
2380,0,0,2,0,0,917,922
2381,0,0,1,0,0,917,918
2382,0,0,1,0,0,917,918
2383,0,0,1,0,0,917,924
2384,0,0,1,0,0,917,924
2385,0,0,1,0,0,Ninguno,917
2386,0,0,1,0,0,920,917
2387,0,0,0,0,0,Ninguno,920
2388,0,0,0,0,0,Ninguno,923
2389,0,0,0,0,0,925,923
2390,0,0,0,0,0,925,923
2391,0,0,0,0,0,925,926
2392,0,0,0,0,0,Ninguno,925
2393,0,0,0,0,0,Ninguno,925
2394,0,0,0,0,0,Ninguno,Ninguno
2395,0,0,0,0,0,Ninguno,927
2396,0,0,0,0,0,Ninguno,Ninguno
2397,0,0,0,0,0,Ninguno,928
2398,0,0,0,0,0,Ninguno,928
2399,0,0,0,0,0,Ninguno,928
2400,0,0,0,0,0,Ninguno,Ninguno
2401,0,0,0,0,0,Ninguno,Ninguno
2402,0,0,0,0,0,Ninguno,929
2403,0,0,0,0,0,Ninguno,Ninguno
2404,0,0,0,0,0,Ninguno,Ninguno
2405,0,0,0,0,0,Ninguno,930
2406,0,0,0,0,0,Ninguno,Ninguno
2407,0,0,0,0,0,Ninguno,Ninguno
2408,0,0,0,0,0,Ninguno,931
2409,0,0,0,0,0,Ninguno,932
2410,0,0,0,0,0,Ninguno,Ninguno
2411,0,0,0,0,0,Ninguno,Ninguno
2412,0,0,0,0,0,Ninguno,933
2413,0,0,0,0,0,Ninguno,Ninguno
2414,0,0,0,0,0,Ninguno,Ninguno
2415,0,0,0,0,0,Ninguno,Ninguno
2416,0,0,0,0,0,Ninguno,934
2417,0,0,0,0,0,Ninguno,Ninguno
2418,0,0,0,0,0,Ninguno,Ninguno
2419,0,0,0,0,0,Ninguno,Ninguno
2420,0,0,0,0,0,Ninguno,935
2421,0,0,0,0,0,Ninguno,Ninguno
2422,0,0,0,0,0,Ninguno,936
2423,0,0,0,0,0,Ninguno,Ninguno
2424,0,0,0,0,0,Ninguno,Ninguno
2425,0,0,0,0,0,Ninguno,Ninguno
2426,0,0,0,0,0,Ninguno,937
2427,0,0,0,0,0,Ninguno,Ninguno
2428,0,0,0,0,0,Ninguno,Ninguno
2429,0,0,0,0,0,Ninguno,938
2430,0,0,0,0,0,Ninguno,Ninguno
2431,0,0,0,0,0,Ninguno,Ninguno
2432,0,0,0,0,0,Ninguno,Ninguno
2433,0,0,0,0,0,Ninguno,Ninguno
2434,0,0,0,0,0,Ninguno,939
2435,0,0,0,0,0,Ninguno,Ninguno
2436,0,0,0,0,0,Ninguno,Ninguno
2437,0,0,0,0,0,Ninguno,Ninguno
2438,0,0,0,0,0,Ninguno,Ninguno
2439,0,0,0,0,0,Ninguno,940
2440,0,0,0,0,0,Ninguno,Ninguno
2441,0,0,0,0,0,Ninguno,Ninguno
2442,0,0,0,0,0,Ninguno,Ninguno
2443,0,0,0,0,0,Ninguno,Ninguno
2444,0,0,0,0,0,Ninguno,941
2445,0,0,0,0,0,Ninguno,Ninguno
2446,0,0,0,0,0,Ninguno,Ninguno
2447,0,0,0,0,0,Ninguno,942
2448,0,0,0,0,0,Ninguno,Ninguno
2449,0,0,0,0,0,Ninguno,Ninguno
2450,0,0,0,0,0,Ninguno,Ninguno
2451,0,0,0,0,0,Ninguno,Ninguno
2452,0,0,0,0,0,Ninguno,943
2453,0,0,0,0,0,Ninguno,Ninguno
2454,0,0,0,0,0,Ninguno,Ninguno
2455,0,0,0,0,0,Ninguno,Ninguno
2456,0,0,0,0,0,Ninguno,944
2457,0,0,0,0,0,Ninguno,945
2458,0,0,0,0,0,Ninguno,Ninguno
2459,0,0,0,0,0,Ninguno,Ninguno
2460,0,0,0,0,0,Ninguno,946
2461,0,0,0,0,0,Ninguno,Ninguno
2462,0,0,0,0,0,Ninguno,Ninguno
2463,0,0,0,0,0,Ninguno,Ninguno
2464,0,0,0,0,0,Ninguno,Ninguno
2465,0,0,0,0,0,Ninguno,947
2466,0,0,0,0,0,Ninguno,948
2467,0,0,0,0,0,Ninguno,Ninguno
2468,0,0,0,0,0,Ninguno,Ninguno
2469,0,0,0,0,0,Ninguno,Ninguno
2470,0,0,0,0,0,Ninguno,Ninguno
2471,0,0,0,0,0,Ninguno,949
2472,0,0,0,0,0,Ninguno,Ninguno
2473,0,0,0,0,0,Ninguno,Ninguno
2474,0,0,0,0,0,Ninguno,Ninguno
2475,0,0,0,0,0,Ninguno,Ninguno
2476,0,0,0,0,0,Ninguno,950
2477,0,0,0,0,0,Ninguno,951
2478,0,0,0,0,0,Ninguno,Ninguno
2479,0,0,0,0,0,Ninguno,Ninguno
2480,0,0,0,0,0,Ninguno,952
2481,0,0,0,0,0,Ninguno,Ninguno
2482,0,0,0,0,0,Ninguno,Ninguno
2483,0,0,0,0,0,Ninguno,Ninguno
2484,0,0,0,0,0,Ninguno,953
2485,0,0,0,0,0,Ninguno,Ninguno
2486,0,0,0,0,0,Ninguno,954
2487,0,0,0,0,0,955,954
2488,0,0,0,0,0,955,954
2489,0,0,0,0,0,955,956
2490,0,0,0,0,0,955,956
2491,0,0,0,0,0,955,956
2492,0,0,0,0,0,Ninguno,955
2493,0,0,0,0,0,Ninguno,957
2494,0,0,0,0,0,Ninguno,957
2495,0,0,0,0,0,Ninguno,957
2496,0,0,0,0,0,Ninguno,958
2497,0,0,0,0,0,Ninguno,958
2498,0,0,0,0,0,Ninguno,959
2499,0,0,0,0,0,Ninguno,959
2500,0,0,0,0,0,960,959
2501,0,0,0,0,0,Ninguno,960
2502,0,0,0,0,0,961,960
2503,0,0,0,0,0,961,960
2504,0,0,0,0,0,961,960
2505,0,0,0,0,0,Ninguno,961
2506,0,0,0,0,0,Ninguno,961
2507,0,0,0,0,0,Ninguno,962
2508,0,0,0,0,0,963,962
2509,0,0,0,0,0,963,962
2510,0,0,0,0,0,963,962
2511,0,0,0,0,0,963,962
2512,0,0,0,0,0,963,962
2513,0,0,0,0,0,963,962
2514,0,0,0,0,0,963,962
2515,0,0,0,0,0,963,962
2516,1,0,0,0,0,963,962
2517,1,0,0,0,0,Ninguno,963
2518,1,0,0,0,0,Ninguno,964
2519,1,0,0,0,0,967,964
2520,1,0,0,0,0,967,964
2521,1,0,0,0,0,Ninguno,967
2522,1,0,0,0,0,968,967
2523,1,0,0,0,0,Ninguno,968
2524,0,0,1,0,0,Ninguno,966
2525,0,0,0,0,0,Ninguno,965
2526,0,0,0,0,0,969,965
2527,0,0,0,0,0,969,965
2528,0,0,0,0,0,969,965
2529,0,0,0,1,0,969,965
2530,0,0,0,2,0,969,965
2531,0,0,0,2,0,969,965
2532,1,0,0,2,0,969,965
2533,1,0,0,2,0,969,965
2534,1,0,0,2,0,969,965
2535,1,0,0,1,0,969,971
2536,1,0,0,0,0,969,972
2537,1,0,0,0,1,969,972
2538,1,0,0,0,1,969,972
2539,1,0,0,0,1,969,972
2540,1,0,0,0,1,969,972
2541,1,0,0,0,1,969,972
2542,1,1,0,0,0,969,974
2543,1,1,0,0,0,969,974
2544,1,1,0,0,0,969,974
2545,2,2,1,0,0,Ninguno,969
2546,1,2,2,1,0,975,969
2547,1,2,1,1,0,975,969
2548,1,2,1,1,0,975,969
2549,1,2,1,0,0,975,981
2550,0,2,2,0,0,975,981
2551,0,2,3,0,0,Ninguno,975
2552,0,3,3,0,0,Ninguno,982
2553,0,3,2,0,0,978,982
2554,0,3,1,0,0,978,982
2555,0,2,3,0,1,978,982
2556,0,2,3,0,1,978,982
2557,0,2,3,0,1,978,982
2558,0,2,3,0,0,978,984
2559,0,1,4,0,0,978,984
2560,0,1,5,0,0,Ninguno,978
2561,0,1,5,0,0,976,978
2562,0,1,4,0,0,Ninguno,976
2563,0,1,4,0,0,985,986
2564,0,0,4,0,0,985,986
2565,0,1,4,0,0,985,986
2566,0,1,4,1,1,985,986
2567,0,1,4,1,1,985,986
2568,0,1,4,1,1,985,989
2569,0,1,4,1,0,985,990
2570,0,0,5,0,0,985,988
2571,0,0,4,1,0,985,988
2572,0,0,4,1,0,985,988
2573,0,0,5,1,0,985,988
2574,0,0,4,1,0,985,970
2575,0,0,4,1,0,985,970
2576,0,0,4,1,0,985,970
2577,0,0,5,0,0,985,983
2578,0,0,4,2,0,Ninguno,983
2579,0,0,3,2,0,992,973
2580,0,0,2,1,0,992,985
2581,0,0,2,0,0,992,977
2582,0,0,2,0,0,992,979
2583,0,0,4,0,0,Ninguno,992
2584,0,0,4,0,0,Ninguno,987
2585,0,0,3,0,0,980,987
2586,0,0,2,0,1,980,987
2587,0,0,2,0,1,980,987
2588,0,0,2,0,0,980,996
2589,1,0,3,0,0,Ninguno,980
2590,1,0,3,0,0,Ninguno,991
2591,1,0,2,0,0,Ninguno,995
2592,1,0,1,0,0,Ninguno,993
2593,1,0,0,0,0,998,993
2594,1,0,0,0,0,998,993
2595,1,0,0,0,0,998,993
2596,1,0,0,0,0,998,993
2597,1,0,0,0,0,998,993
2598,1,0,0,0,0,998,993
2599,1,0,0,0,0,998,993
2600,1,0,0,0,0,998,993
2601,0,0,1,0,0,Ninguno,998
2602,0,0,0,0,0,Ninguno,994
2603,0,0,0,0,0,Ninguno,999
2604,0,0,0,0,0,Ninguno,997
2605,0,0,0,0,0,Ninguno,Ninguno
2606,0,0,0,0,0,Ninguno,Ninguno
2607,0,0,0,0,0,Ninguno,Ninguno
2608,0,0,0,0,0,Ninguno,Ninguno
2609,0,0,0,0,0,Ninguno,Ninguno
2610,0,0,0,0,0,Ninguno,Ninguno
2611,0,0,0,0,0,Ninguno,Ninguno
2612,0,0,0,0,0,Ninguno,Ninguno
2613,0,0,0,0,0,Ninguno,Ninguno
2614,0,0,0,0,0,Ninguno,Ninguno
2615,0,0,0,0,0,Ninguno,Ninguno
2616,0,0,0,0,0,Ninguno,Ninguno
2617,0,0,0,0,0,Ninguno,Ninguno
2618,0,0,0,0,0,Ninguno,Ninguno
2619,0,0,0,0,0,Ninguno,Ninguno
2620,0,0,0,0,0,Ninguno,Ninguno
2621,0,0,0,0,0,Ninguno,Ninguno
2622,0,0,0,0,0,Ninguno,Ninguno
2623,0,0,0,0,0,Ninguno,Ninguno
2624,0,0,0,0,0,Ninguno,Ninguno
2625,0,0,0,0,0,Ninguno,Ninguno
2626,0,0,0,0,0,Ninguno,Ninguno
2627,0,0,0,0,0,Ninguno,Ninguno
2628,0,0,0,0,0,Ninguno,Ninguno
2629,0,0,0,0,0,Ninguno,Ninguno
2630,0,0,0,0,0,Ninguno,Ninguno
2631,0,0,0,0,0,Ninguno,Ninguno
2632,0,0,0,0,0,Ninguno,Ninguno
2633,0,0,0,0,0,Ninguno,Ninguno
2634,0,0,0,0,0,Ninguno,Ninguno
2635,0,0,0,0,0,Ninguno,Ninguno
2636,0,0,0,0,0,Ninguno,Ninguno
2637,0,0,0,0,0,Ninguno,Ninguno
2638,0,0,0,0,0,Ninguno,Ninguno
2639,0,0,0,0,0,Ninguno,Ninguno
2640,0,0,0,0,0,Ninguno,Ninguno
2641,0,0,0,0,0,Ninguno,Ninguno
2642,0,0,0,0,0,Ninguno,Ninguno
2643,0,0,0,0,0,Ninguno,Ninguno
2644,0,0,0,0,0,Ninguno,Ninguno
2645,0,0,0,0,0,Ninguno,Ninguno
2646,0,0,0,0,0,Ninguno,Ninguno
2647,0,0,0,0,0,Ninguno,Ninguno
2648,0,0,0,0,0,Ninguno,Ninguno
2649,0,0,0,0,0,Ninguno,Ninguno
2650,0,0,0,0,0,Ninguno,Ninguno
2651,0,0,0,0,0,Ninguno,Ninguno
2652,0,0,0,0,0,Ninguno,Ninguno
2653,0,0,0,0,0,Ninguno,Ninguno
2654,0,0,0,0,0,Ninguno,Ninguno
2655,0,0,0,0,0,Ninguno,Ninguno
2656,0,0,0,0,0,Ninguno,Ninguno
2657,0,0,0,0,0,Ninguno,Ninguno
2658,0,0,0,0,0,Ninguno,Ninguno
2659,0,0,0,0,0,Ninguno,Ninguno
2660,0,0,0,0,0,Ninguno,Ninguno
2661,0,0,0,0,0,Ninguno,Ninguno
2662,0,0,0,0,0,Ninguno,Ninguno
2663,0,0,0,0,0,Ninguno,Ninguno
2664,0,0,0,0,0,Ninguno,Ninguno
2665,0,0,0,0,0,Ninguno,Ninguno
2666,0,0,0,0,0,Ninguno,Ninguno
2667,0,0,0,0,0,Ninguno,Ninguno
2668,0,0,0,0,0,Ninguno,Ninguno
2669,0,0,0,0,0,Ninguno,Ninguno
2670,0,0,0,0,0,Ninguno,Ninguno
2671,0,0,0,0,0,Ninguno,Ninguno
2672,0,0,0,0,0,Ninguno,Ninguno
2673,0,0,0,0,0,Ninguno,Ninguno
2674,0,0,0,0,0,Ninguno,Ninguno
2675,0,0,0,0,0,Ninguno,Ninguno
2676,0,0,0,0,0,Ninguno,Ninguno
2677,0,0,0,0,0,Ninguno,Ninguno
2678,0,0,0,0,0,Ninguno,Ninguno
2679,0,0,0,0,0,Ninguno,Ninguno
2680,0,0,0,0,0,Ninguno,Ninguno
2681,0,0,0,0,0,Ninguno,Ninguno
2682,0,0,0,0,0,Ninguno,Ninguno
2683,0,0,0,0,0,Ninguno,Ninguno
2684,0,0,0,0,0,Ninguno,Ninguno
2685,0,0,0,0,0,Ninguno,Ninguno
2686,0,0,0,0,0,Ninguno,Ninguno
2687,0,0,0,0,0,Ninguno,Ninguno
2688,0,0,0,0,0,Ninguno,Ninguno
2689,0,0,0,0,0,Ninguno,Ninguno
2690,0,0,0,0,0,Ninguno,Ninguno
2691,0,0,0,0,0,Ninguno,Ninguno
2692,0,0,0,0,0,Ninguno,Ninguno
2693,0,0,0,0,0,Ninguno,Ninguno
2694,0,0,0,0,0,Ninguno,Ninguno
2695,0,0,0,0,0,Ninguno,Ninguno
2696,0,0,0,0,0,Ninguno,Ninguno
2697,0,0,0,0,0,Ninguno,Ninguno
2698,0,0,0,0,0,Ninguno,Ninguno
2699,0,0,0,0,0,Ninguno,Ninguno
2700,0,0,0,0,0,Ninguno,Ninguno
2701,0,0,0,0,0,Ninguno,Ninguno
2702,0,0,0,0,0,Ninguno,Ninguno
2703,0,0,0,0,0,Ninguno,Ninguno
2704,0,0,0,0,0,Ninguno,Ninguno
2705,0,0,0,0,0,Ninguno,Ninguno
2706,0,0,0,0,0,Ninguno,Ninguno
2707,0,0,0,0,0,Ninguno,Ninguno
2708,0,0,0,0,0,Ninguno,Ninguno
2709,0,0,0,0,0,Ninguno,Ninguno
2710,0,0,0,0,0,Ninguno,Ninguno
2711,0,0,0,0,0,Ninguno,Ninguno
2712,0,0,0,0,0,Ninguno,Ninguno
2713,0,0,0,0,0,Ninguno,Ninguno
2714,0,0,0,0,0,Ninguno,Ninguno
2715,0,0,0,0,0,Ninguno,Ninguno
2716,0,0,0,0,0,Ninguno,Ninguno
2717,0,0,0,0,0,Ninguno,Ninguno
2718,0,0,0,0,0,Ninguno,Ninguno
2719,0,0,0,0,0,Ninguno,Ninguno
2720,0,0,0,0,0,Ninguno,Ninguno
2721,0,0,0,0,0,Ninguno,Ninguno
2722,0,0,0,0,0,Ninguno,Ninguno
2723,0,0,0,0,0,Ninguno,Ninguno
2724,0,0,0,0,0,Ninguno,Ninguno
2725,0,0,0,0,0,Ninguno,Ninguno
2726,0,0,0,0,0,Ninguno,Ninguno
2727,0,0,0,0,0,Ninguno,Ninguno
2728,0,0,0,0,0,Ninguno,Ninguno
2729,0,0,0,0,0,Ninguno,Ninguno
2730,0,0,0,0,0,Ninguno,Ninguno
2731,0,0,0,0,0,Ninguno,Ninguno
2732,0,0,0,0,0,Ninguno,Ninguno
2733,0,0,0,0,0,Ninguno,Ninguno
2734,0,0,0,0,0,Ninguno,Ninguno
2735,0,0,0,0,0,Ninguno,Ninguno
2736,0,0,0,0,0,Ninguno,Ninguno
2737,0,0,0,0,0,Ninguno,Ninguno
2738,0,0,0,0,0,Ninguno,Ninguno
2739,0,0,0,0,0,Ninguno,Ninguno
2740,0,0,0,0,0,Ninguno,Ninguno
2741,0,0,0,0,0,Ninguno,Ninguno
2742,0,0,0,0,0,Ninguno,Ninguno
2743,0,0,0,0,0,Ninguno,Ninguno
2744,0,0,0,0,0,Ninguno,Ninguno
2745,0,0,0,0,0,Ninguno,Ninguno
2746,0,0,0,0,0,Ninguno,Ninguno
2747,0,0,0,0,0,Ninguno,Ninguno
2748,0,0,0,0,0,Ninguno,Ninguno
2749,0,0,0,0,0,Ninguno,Ninguno
2750,0,0,0,0,0,Ninguno,Ninguno
2751,0,0,0,0,0,Ninguno,Ninguno
2752,0,0,0,0,0,Ninguno,Ninguno
2753,0,0,0,0,0,Ninguno,Ninguno
2754,0,0,0,0,0,Ninguno,Ninguno
2755,0,0,0,0,0,Ninguno,Ninguno
2756,0,0,0,0,0,Ninguno,Ninguno
2757,0,0,0,0,0,Ninguno,Ninguno
2758,0,0,0,0,0,Ninguno,Ninguno
2759,0,0,0,0,0,Ninguno,Ninguno
2760,0,0,0,0,0,Ninguno,Ninguno
2761,0,0,0,0,0,Ninguno,Ninguno
2762,0,0,0,0,0,Ninguno,Ninguno
2763,0,0,0,0,0,Ninguno,Ninguno
2764,0,0,0,0,0,Ninguno,Ninguno
2765,0,0,0,0,0,Ninguno,Ninguno
2766,0,0,0,0,0,Ninguno,Ninguno
